station_id;date_from;date_to;altitude;latitude;longitude;name;state
3;1995-09-01;2011-04-01;202;50.7827;6.0941;Aachen;Nordrhein-Westfalen
20;2004-08-14;2021-01-25;432;48.922;9.9129;Abtsgmünd-Untergröningen;Baden-Württemberg
44;2007-04-01;2021-01-25;44;52.9336;8.237;Großenkneten;Niedersachsen
53;2005-10-01;2021-01-25;60;52.585;13.5634;Ahrensfelde;Brandenburg
71;2004-10-22;2020-01-01;759;48.2156;8.9784;Albstadt-Badkap;Baden-Württemberg
73;2007-04-01;2021-01-25;340;48.6159;13.0506;Aldersbach-Kriestorf;Bayern
78;2004-11-01;2021-01-25;65;52.4853;7.9126;Alfhausen;Niedersachsen
87;2005-02-01;2021-01-25;158;51.095;11.0479;Alperstedt;Thüringen
91;2004-09-01;2021-01-25;300;50.7446;9.345;Alsfeld-Eifa;Hessen
103;2004-07-01;2021-01-25;364;48.896;12.217;Hagelstadt;Bayern
118;2005-06-01;2021-01-25;388;49.4053;12.2852;Altendorf;Bayern
124;2006-11-01;2021-01-25;265;51.2388;11.577;Bibra, Bad-Altenroda;Sachsen-Anhalt
130;2004-12-01;2021-01-25;300;49.7283;9.7692;Altertheim-Oberaltertheim;Bayern
131;2004-11-01;2021-01-25;296;51.0881;12.9326;Geringswalde-Altgeringswalde;Sachsen
142;2005-12-01;2021-01-25;511;48.406;11.3117;Altomünster-Maisbrunn;Bayern
150;2005-07-01;2021-01-25;215;49.7273;8.1164;Alzey;Rheinland-Pfalz
151;2005-03-01;2021-01-25;382;49.4691;11.8546;Amberg-Unterammersricht;Bayern
152;2009-07-01;2012-01-12;57;53.1268;10.2184;Amelinghausen;Niedersachsen
154;2005-03-01;2021-01-25;516;48.0197;12.2925;Amerang-Pfaffing;Bayern
158;2004-07-01;2021-01-25;210;50.784;8.9545;Amöneburg-Rüdigheim;Hessen
161;2011-09-01;2021-01-25;75;50.4237;7.4202;Andernach;Rheinland-Pfalz
164;1995-09-01;2021-01-25;54;53.0316;13.9908;Angermünde;Brandenburg
167;2004-09-01;2021-01-25;9;53.8412;13.6846;Anklam;Mecklenburg-Vorpommern
183;1995-09-01;2021-01-25;42;54.6792;13.4343;Arkona;Mecklenburg-Vorpommern
191;2005-03-01;2021-01-25;217;49.9694;9.9114;Arnstein-Müdesheim;Bayern
194;2005-02-01;2021-01-25;265;51.3431;9.0763;Arolsen-Landau, Bad;Hessen
198;1995-09-01;2021-01-25;164;51.3745;11.292;Artern;Thüringen
200;2004-12-01;2021-01-25;517;50.085;6.3161;Lauperath-Scheidchen;Rheinland-Pfalz
205;2005-05-01;2021-01-25;681;47.7275;12.2982;Aschau-Stein;Bayern
211;2004-11-01;2021-01-25;200;50.58;8.4685;Aßlar Klein-Altenstädten;Hessen
213;2007-05-01;2021-01-25;170;51.9375;10.9897;Sargstedt;Sachsen-Anhalt
216;2004-10-01;2021-01-25;298;51.1143;7.8807;Attendorn-Neulisternohl;Nordrhein-Westfalen
217;2005-01-01;2021-01-25;670;47.8774;11.3643;Attenkam;Bayern
222;1995-09-01;2021-01-25;393;50.5908;12.7139;Aue;Sachsen
227;2004-10-01;2021-01-25;432;49.8823;11.2656;Aufseß-Hochstahl;Bayern
232;1996-11-07;2021-01-25;462;48.4253;10.9417;Augsburg;Bayern
240;2004-09-01;2021-01-25;293;50.1805;9.5743;Aura im Sinngrund;Bayern
246;2006-01-01;2008-08-12;73;51.7015;12.8909;Axien;Sachsen-Anhalt
257;2002-11-01;2021-01-25;240;48.727;8.2457;Baden-Baden-Geroldsau;Baden-Württemberg
259;2004-07-01;2021-01-25;273;47.8064;7.6387;Müllheim;Baden-Württemberg
269;2006-05-24;2021-01-25;599;48.5116;8.3176;Baiersbronn-Mitteltal;Baden-Württemberg
275;2004-10-01;2021-01-25;1039;47.465;10.1043;Balderschwang;Bayern
279;2006-11-01;2021-01-25;457;48.7573;9.4514;Baltmannsweiler-Hohengehren;Baden-Württemberg
282;1995-09-01;2021-01-25;240;49.8743;10.9206;Bamberg;Bayern
287;2008-05-01;2021-01-25;52;51.9611;11.9159;Walternienburg-Ronney;Sachsen-Anhalt
292;2005-12-01;2021-01-25;37;52.6965;8.487;Barnstorf;Niedersachsen
294;2004-07-01;2021-01-25;110;52.3199;9.43;Barsinghausen-Hohenbostel;Niedersachsen
298;1995-09-01;2021-01-25;3;54.3406;12.7108;Barth;Mecklenburg-Vorpommern
301;2015-09-01;2021-01-25;659;48.7584;9.9855;Bartholomä;Baden-Württemberg
303;1995-09-01;2021-01-25;55;52.0614;13.4996;Baruth;Brandenburg
310;2004-11-01;2021-01-25;590;51.0662;8.5375;Battenberg-Hof Karlsburg;Hessen
312;2007-06-01;2021-01-25;52;53.8149;11.8818;Baumgarten;Mecklenburg-Vorpommern
314;2004-05-01;2021-01-25;234;51.1604;14.5042;Kubschütz, Kr. Bautzen;Sachsen
316;2004-11-01;2021-01-25;310;49.6957;7.8387;Bayerfeld-Steckweiler -Schmalfelderhof;Rheinland-Pfalz
320;2006-07-01;2021-01-25;350;49.9667;11.5197;Heinersreuth-Vollhof;Bayern
326;2004-07-01;2013-07-08;120;51.7204;8.0577;Beckum-Unterberg;Nordrhein-Westfalen
330;2004-08-01;2021-01-25;455;49.5617;8.9673;Oberzent-Beerfelden;Hessen
336;2004-09-01;2021-01-25;290;51.0221;10.5148;Hörselberg-Hainich-Behringen;Thüringen
342;2010-12-01;2021-01-25;103;52.317;8.1694;Belm;Niedersachsen
348;1995-09-01;2011-09-02;127;50.4135;7.5886;Bendorf;Rheinland-Pfalz
357;2005-09-01;2021-01-25;50;52.3018;7.1301;Bentheim, Bad;Niedersachsen
359;2004-07-01;2021-01-25;464;49.1022;11.796;Beratzhausen;Bayern
360;2004-07-01;2021-01-25;403;49.1115;11.4328;Berching;Bayern
377;2004-10-01;2021-01-25;210;49.107;7.9967;Bergzabern, Bad;Rheinland-Pfalz
378;2005-04-01;2021-01-25;136;51.6843;10.1077;Berka;Niedersachsen
379;2017-09-01;2021-01-25;303;50.9074;11.2665;Berka, Bad (Flugplatz);Thüringen
384;2005-06-22;2014-09-18;570;48.0409;10.0808;Berkheim;Baden-Württemberg
389;2009-11-01;2021-01-25;436;51.0148;8.4318;Berleburg, Bad-Arfeld;Nordrhein-Westfalen
390;2004-07-01;2021-01-25;610;50.9837;8.3683;Berleburg, Bad-Stünzel;Nordrhein-Westfalen
399;1995-09-01;2011-08-01;36;52.5198;13.4057;Berlin-Alexanderplatz;Berlin
400;2004-06-01;2021-01-25;60;52.6309;13.5022;Berlin-Buch;Berlin
403;2002-01-28;2021-01-25;51;52.4537;13.3017;Berlin-Dahlem (FU);Berlin
410;2004-05-01;2020-06-16;33;52.404;13.7309;Berlin-Kaniswall;Berlin
420;2007-08-01;2021-01-25;60;52.5447;13.5598;Berlin-Marzahn;Berlin
427;1995-09-01;2021-01-25;46;52.3807;13.5306;Berlin Brandenburg;Brandenburg
430;1995-09-01;2021-01-25;36;52.5644;13.3088;Berlin-Tegel;Berlin
433;1995-09-01;2021-01-25;48;52.4675;13.4021;Berlin-Tempelhof;Berlin
445;2005-07-01;2021-01-25;85;51.8218;11.711;Bernburg/Saale (Nord);Sachsen-Anhalt
450;2005-11-01;2012-12-04;120;49.9186;7.0664;Bernkastel-Kues;Rheinland-Pfalz
460;1995-09-01;2021-01-25;363;49.2641;6.6868;Berus;Saarland
479;2005-02-01;2021-01-25;138;50.2435;9.2893;Wächtersbach;Hessen
498;2006-07-24;2021-01-25;760;47.7453;8.3111;Ühlingen-Birkendorf;Baden-Württemberg
504;2007-06-01;2021-01-25;79;51.7982;13.9716;Bischdorf, Kreis Oberspreewald;Brandenburg
505;2004-09-01;2006-06-16;332;51.4268;10.0932;Bischhagen;Thüringen
523;2006-03-01;2018-06-01;359;49.9797;6.5325;Bitburg;Rheinland-Pfalz
535;2004-06-01;2021-01-25;417;50.0372;7.3079;Blankenrath;Rheinland-Pfalz
542;2004-11-01;2021-01-25;12;53.2401;10.8522;Bleckede-Walmsburg;Niedersachsen
550;2002-11-01;2021-01-25;344;50.9041;11.7985;Bobeck;Thüringen
551;2006-11-01;2021-01-25;517;50.3887;11.9955;Weischlitz-Heinersgrün;Sachsen
554;1995-09-01;2021-01-25;23;51.8293;6.5365;Bocholt-Liedern (Wasserwerk);Nordrhein-Westfalen
555;2008-01-01;2018-11-01;101;51.4789;7.2697;Bochum;Nordrhein-Westfalen
561;2005-10-01;2021-01-25;11;53.367;7.9679;Bockhorn-Grabstede;Niedersachsen
567;2009-09-01;2021-01-25;258;51.6957;9.5135;Bodenfelde-Amelith;Niedersachsen
589;2004-05-01;2021-01-25;343;48.8846;12.7453;Bogen-Pfelling;Bayern
591;1995-09-01;2021-01-25;45;53.3911;10.6878;Boizenburg;Mecklenburg-Vorpommern
596;1995-09-01;2021-01-25;15;54.0028;11.1908;Boltenhagen;Mecklenburg-Vorpommern
599;1995-09-01;1999-03-02;62;50.7055;7.1467;Bonn-Friesdorf;Nordrhein-Westfalen
603;1999-03-03;2021-01-25;147;50.7293;7.204;Königswinter-Heiderhof;Nordrhein-Westfalen
613;2004-11-01;2021-01-25;206;51.5677;9.2324;Borgentreich;Nordrhein-Westfalen
617;2004-06-01;2021-01-25;47;51.873;6.8863;Borken in Westfalen;Nordrhein-Westfalen
622;2006-06-01;2021-01-25;66;52.3745;11.4655;Westheide-Born;Sachsen-Anhalt
630;2006-06-01;2021-01-25;83;52.0194;11.4055;Bottmersdorf-Klein Germersleben;Sachsen-Anhalt
633;2004-06-01;2021-01-25;126;51.4041;14.5681;Boxberg;Sachsen
644;2005-01-01;2021-01-25;150;51.7049;9.1738;Brakel;Nordrhein-Westfalen
653;2005-05-01;2021-01-25;483;47.7241;12.1092;Brannenburg-Degerndorf;Bayern
656;1995-09-01;2021-01-25;607;51.7234;10.6021;Braunlage;Niedersachsen
662;1997-10-22;2021-01-25;81;52.2915;10.4464;Braunschweig;Niedersachsen
684;2005-06-21;2021-01-25;1001;47.9385;8.0761;Breitnau;Baden-Württemberg
685;1995-09-28;2006-11-02;585;49.9017;9.4281;Breitsol;Bayern
691;1995-09-01;2021-01-25;4;53.045;8.7979;Bremen;Bremen
701;1998-06-10;2021-01-25;7;53.5332;8.5761;Bremerhaven;Bremen
704;1995-09-01;2021-01-25;11;53.4451;9.139;Bremervörde;Niedersachsen
714;2005-06-01;2021-01-25;46;52.3653;14.2474;Neu Madlitz;Brandenburg
721;2004-06-01;2021-01-25;101;51.5168;12.4356;Schönwölkau-Brinnis;Sachsen
723;2004-12-01;2021-01-25;290;50.1841;7.24;Kail;Rheinland-Pfalz
731;2007-12-01;2021-01-25;130;49.1127;8.6372;Bruchsal-Heidelsheim;Baden-Württemberg
735;2005-05-01;2021-01-25;52;52.1692;12.7334;Brück-Gömnigk;Brandenburg
753;2004-05-01;2021-01-25;310;50.87;11.5022;Bucha;Thüringen
755;2004-06-01;2021-01-25;340;49.5182;9.3213;Buchen, Kr. Neckar-Odenwald;Baden-Württemberg
757;2004-06-01;2021-01-25;445;47.9625;7.9983;Buchenbach;Baden-Württemberg
760;2017-12-01;2021-01-24;82;53.3629;9.9435;Rosengarten-Klecken;Niedersachsen
775;2004-10-01;2021-01-25;100;52.0;10.6323;Osterwieck-Rimbeck;Sachsen-Anhalt
789;2004-06-01;2021-01-25;263;49.6063;9.8834;Bütthard;Bayern
791;2006-01-01;2021-01-25;8;54.6328;8.937;Bordelum;Schleswig-Holstein
796;2004-11-01;2021-01-25;412;50.7556;8.1257;Burbach-Würgendorf;Nordrhein-Westfalen
797;2005-08-01;2021-01-25;39;52.3241;11.8339;Burg-Blumenthal;Sachsen-Anhalt
801;2002-11-01;2021-01-25;331;49.4549;10.324;Burgbernheim;Bayern
808;2006-03-01;2021-01-25;413;48.187;12.8098;Mehring, Kr. Altötting-Niederholz;Bayern
812;2004-12-01;2021-01-25;278;50.1429;11.2322;Burgkunstadt;Bayern
815;2006-11-01;2021-01-25;154;51.5427;11.6948;Seegebiet Mansfelder Land-Dederstedt;Sachsen-Anhalt
817;2005-02-01;2021-01-25;293;51.0306;8.8146;Burgwald-Bottendorf;Hessen
837;2004-07-01;2021-01-25;244;50.2863;8.2949;Camberg, Bad;Hessen
839;2011-01-05;2021-01-25;27;53.7575;10.9288;Carlow;Mecklenburg-Vorpommern
840;1995-09-01;2021-01-25;897;50.4313;12.6114;Carlsfeld;Sachsen
848;2008-08-01;2021-01-25;38;52.6146;10.0726;Celle (Stadt);Niedersachsen
853;1995-09-01;2021-01-25;418;50.7913;12.872;Chemnitz;Sachsen
856;1995-09-07;2021-01-25;551;47.8843;12.5404;Chieming;Bayern
857;2005-02-01;2021-01-25;535;47.8665;12.395;Chiemsee-Herrenchiemsee;Bayern
863;2007-10-01;2012-04-05;585;51.7904;10.347;Clausthal-Zellerfeld;Niedersachsen
867;1995-09-01;2021-01-25;344;50.3066;10.9679;Lautertal-Oberlauter;Bayern
871;2005-08-01;2021-01-25;87;51.9618;7.1585;Coesfeld;Nordrhein-Westfalen
874;2005-08-01;2021-01-25;52;52.2994;11.6733;Zielitz;Sachsen-Anhalt
880;1995-09-01;2021-01-25;69;51.776;14.3168;Cottbus;Brandenburg
885;2005-06-01;2021-01-25;450;49.8449;11.616;Creußen-Bühl;Bayern
891;2000-05-10;2021-01-25;5;53.8713;8.7058;Cuxhaven;Niedersachsen
896;2004-08-01;2021-01-25;170;51.0778;10.8619;Dachwig;Thüringen
902;2006-10-01;2021-01-25;573;50.4115;6.5615;Dahlem-Schmidtheim;Nordrhein-Westfalen
917;2004-09-01;2021-01-25;162;49.8809;8.6779;Darmstadt;Hessen
931;2004-10-19;2021-01-25;708;47.8007;9.4108;Deggenhausertal-Azenweiler;Baden-Württemberg
934;2004-10-01;2021-01-25;88;51.7835;8.5658;Delbrück;Nordrhein-Westfalen
942;2004-11-01;2021-01-25;308;50.122;6.599;Densborn;Rheinland-Pfalz
953;1997-12-10;2021-01-25;481;49.7619;7.0542;Deuselbach;Rheinland-Pfalz
961;2004-07-01;2021-01-25;258;51.4743;9.0039;Diemelstadt-Rhoden;Hessen
962;2004-05-01;2021-01-25;326;50.8018;11.1692;Stadtilm-Dienstedt;Thüringen
963;1996-06-03;2021-01-25;38;52.5881;8.3424;Diepholz;Niedersachsen
966;2006-02-01;2021-01-25;65;52.7522;10.8831;Diesdorf;Sachsen-Anhalt
970;2002-11-01;2021-01-25;405;49.4158;10.6734;Dietenhofen;Bayern
974;2006-09-01;2021-01-25;440;51.5307;11.0457;Südharz-Dietersdorf;Sachsen-Anhalt
977;2004-09-01;2012-10-01;377;50.8541;8.3416;Dietzhölztal-Mandeln;Hessen
978;2005-02-01;2021-01-25;155;50.3574;8.0485;Holzheim bei Diez;Rheinland-Pfalz
979;2004-09-01;2021-01-25;314;50.7364;8.2672;Dillenburg;Hessen
983;2006-12-01;2021-01-25;419;48.5562;10.5599;Dillingen/Donau-Fristingen;Bayern
985;2006-01-01;2021-01-25;492;49.0504;10.2892;Dinkelsbühl-Oberwinstetten;Bayern
988;2005-09-01;2021-01-25;23;52.6746;8.114;Dinklage;Niedersachsen
989;2005-02-01;2021-01-25;46;51.5765;6.7849;Dinslaken;Nordrhein-Westfalen
991;2005-02-01;2021-01-25;359;50.9116;13.7087;Dippoldiswalde-Reinberg;Sachsen
1001;1995-09-01;2021-01-25;97;51.6451;13.5747;Doberlug-Kirchhain;Brandenburg
1014;2005-03-01;2021-01-25;2;53.2289;7.2191;Dollart-Kanalpolder;Niedersachsen
1024;2006-08-01;2021-01-25;37;51.1157;6.851;Dormagen-Zons;Nordrhein-Westfalen
1030;2005-03-01;2021-01-25;1;53.646;7.4302;Dornum;Niedersachsen
1039;2004-12-01;2021-01-25;317;51.5263;9.7978;Dransfeld-Ossenfeld;Niedersachsen
1046;2004-10-01;2021-01-25;72;51.7585;7.7528;Drensteinfurt;Nordrhein-Westfalen
1048;1995-09-01;2021-01-25;227;51.128;13.7543;Dresden-Klotzsche;Sachsen
1050;2006-04-01;2021-01-25;112;51.0221;13.847;Dresden-Hosterwitz;Sachsen
1051;2007-03-01;2021-01-25;120;51.0248;13.775;Dresden-Strehlen;Sachsen
1052;2004-07-01;2021-01-25;80;52.2174;12.1641;Drewitz bei Burg;Sachsen-Anhalt
1055;2004-10-01;2021-01-25;482;50.6316;8.1813;Driedorf;Hessen
1056;2005-12-01;2021-01-25;1;53.7118;9.3791;Drochtersen;Niedersachsen
1067;2004-10-01;2021-01-25;95;51.9265;12.3852;Düben;Sachsen-Anhalt
1072;2004-06-01;2021-01-25;107;49.4719;8.1929;Dürkheim, Bad;Rheinland-Pfalz
1078;1995-09-01;2021-01-25;37;51.296;6.7686;Düsseldorf;Nordrhein-Westfalen
1089;2006-06-08;2021-01-25;197;48.5017;7.9943;Durbach-Ebersweier;Baden-Württemberg
1095;2006-09-01;2011-07-25;192;51.6001;10.1105;Krebeck-Renshausen;Niedersachsen
1103;2006-10-01;2021-01-25;592;48.1003;11.9872;Ebersberg-Halbing;Bayern
1107;2004-12-01;2021-01-25;346;49.852;10.4991;Ebrach;Bayern
1130;2009-07-01;2021-01-25;17;54.6282;9.3649;Eggebek;Schleswig-Holstein
1161;2005-02-01;2021-01-25;384;48.8777;11.2349;Eichstätt-Landershofen;Bayern
1166;2004-09-01;2021-01-25;105;51.4601;12.6692;Eilenburg;Sachsen
1170;2007-07-01;2021-01-25;265;51.8873;9.728;Eimen-Vorwohle;Niedersachsen
1176;2004-11-02;2021-01-25;976;47.9634;8.2693;Eisenbach;Baden-Württemberg
1197;2002-11-01;2021-01-25;460;48.9895;10.1312;Ellwangen-Rindelbach;Baden-Württemberg
1200;1995-09-01;2021-01-25;3;54.0691;9.0105;Elpersbüttel;Schleswig-Holstein
1207;2006-03-01;2021-01-25;558;50.2705;12.2742;Elster, Bad-Sohl;Sachsen
1210;2006-07-01;2021-01-25;90;51.4505;13.5046;Elsterwerda;Brandenburg
1214;2004-08-01;2021-01-25;431;48.2012;8.1088;Elzach-Fisnacht;Baden-Württemberg
1216;2005-02-01;2021-01-25;312;49.4251;9.243;Elztal-Rittersbach;Baden-Württemberg
1219;1995-09-01;1997-06-30;5;53.3449;7.1909;Emden-Nesserland;Niedersachsen
1223;2005-09-01;2021-01-25;13;52.5983;6.9449;Ringe-Großringe;Niedersachsen
1224;2002-12-01;2021-01-25;201;48.1378;7.8351;Emmendingen-Mundingen;Baden-Württemberg
1237;2004-09-01;2021-01-25;507;48.089;12.5073;Tacherting-Spreit;Bayern
1239;2004-07-01;2008-09-21;540;47.8516;8.7673;Engen/Hegau;Baden-Württemberg
1241;2006-12-01;2021-01-25;128;52.15;8.5226;Enger;Nordrhein-Westfalen
1246;2015-08-01;2021-01-25;104;51.8418;8.0607;Ennigerloh-Ostenfelde;Nordrhein-Westfalen
1255;2002-12-01;2019-01-01;220;49.1664;8.8523;Eppingen-Elsenz;Baden-Württemberg
1262;1995-09-01;2021-01-25;446;48.3477;11.8134;München-Flughafen;Bayern
1266;2004-06-01;2021-01-25;18;54.2992;9.3162;Erfde;Schleswig-Holstein
1270;1995-09-01;2021-01-25;316;50.9829;10.9608;Erfurt-Weimar;Thüringen
1278;2007-12-01;2021-01-25;160;52.2449;10.7182;Cremlingen-Destedt;Niedersachsen
1279;2006-07-01;2021-01-25;268;49.6497;11.0074;Möhrendorf-Kleinseebach;Bayern
1282;2010-01-01;2021-01-25;565;50.3043;12.3834;Erlbach-Eubabrunn;Sachsen
1290;2005-11-01;2021-01-25;716;48.1868;8.4672;Eschbronn-Mariazell;Baden-Württemberg
1297;2004-10-01;2021-01-25;156;51.2041;10.0138;Eschwege;Hessen
1300;2004-06-01;2021-01-25;351;51.254;8.1565;Eslohe;Nordrhein-Westfalen
1303;1995-09-01;2021-01-25;150;51.4041;6.9677;Essen-Bredeney;Nordrhein-Westfalen
1304;2006-04-01;2021-01-25;48;52.3345;8.3877;Essen-Brockhausen, Bad;Niedersachsen
1320;2004-05-01;2021-01-25;137;51.261;11.1754;Etzleben;Thüringen
1327;2004-08-01;2021-01-25;147;50.7119;6.7905;Weilerswist-Lommersum;Nordrhein-Westfalen
1332;2005-03-01;2021-01-25;471;48.4832;12.7241;Falkenberg,Kr.Rottal-Inn;Bayern
1336;2004-09-01;2021-01-25;70;52.8568;9.6756;Fallingbostel, Bad;Niedersachsen
1346;2000-08-16;2021-01-25;1490;47.8749;8.0038;Feldberg/Schwarzwald;Baden-Württemberg
1350;2007-08-01;2021-01-25;48;52.0997;13.0016;Felgentreu;Brandenburg
1357;2005-03-01;2021-01-25;654;49.9807;11.8376;Fichtelberg/Oberfranken-Hüttstadl;Bayern
1358;1995-09-01;2021-01-25;1213;50.4283;12.9535;Fichtelberg;Sachsen
1392;2010-04-01;2021-01-25;621;49.7316;12.3489;Flossenbürg;Bayern
1411;2007-01-01;2021-01-25;745;50.5309;10.048;Birx/Rhön;Thüringen
1420;1995-09-01;2021-01-25;100;50.0259;8.5213;Frankfurt/Main;Hessen
1424;2008-08-01;2021-01-25;124;50.1269;8.6694;Frankfurt/Main-Westend;Hessen
1435;2002-11-01;2021-01-25;768;50.5921;10.8575;Ilmenau-Frauenwald;Thüringen
1441;2015-04-01;2021-01-25;416;50.9263;13.2711;Freiberg;Sachsen
1443;1995-09-01;2021-01-25;237;48.0232;7.8343;Freiburg;Baden-Württemberg
1451;2004-06-01;2021-01-25;2;53.8277;9.2493;Freiburg/Elbe;Niedersachsen
1458;2005-04-01;2021-01-25;492;49.5747;11.8859;Freihung-Großschönbrunn;Bayern
1468;1995-09-01;2021-01-25;797;48.4538;8.409;Freudenstadt;Baden-Württemberg
1473;2006-01-01;2019-03-01;414;49.1869;11.308;Freystadt-Michelbach;Bayern
1495;2004-10-01;2021-01-25;52;53.5389;11.7607;Goldenbow;Mecklenburg-Vorpommern
1497;2004-12-01;2021-01-25;75;53.0238;13.7088;Friedrichswalde;Brandenburg
1503;2012-10-01;2021-01-25;6;53.0643;7.9022;Friesoythe-Altenoythe;Niedersachsen
1526;2004-11-01;2021-01-25;242;50.5668;9.6533;Fulda-Horas;Hessen
1544;1995-09-01;2021-01-25;47;52.5129;11.3941;Gardelegen;Sachsen-Anhalt
1550;1995-09-01;2021-01-25;719;47.483;11.0621;Garmisch-Partenkirchen;Bayern
1559;2004-06-01;2007-02-28;402;50.7421;7.8163;Gebhardshain;Rheinland-Pfalz
1561;2004-12-01;2021-01-25;414;50.4034;9.2076;Gedern-Schönhausen;Hessen
1573;2006-01-01;2021-01-25;281;50.7133;9.9539;Geisa;Thüringen
1578;2004-06-01;2020-10-01;395;48.6516;11.5845;Geisenfeld-Eichelberg;Bayern
1580;2006-12-01;2021-01-25;110;49.9859;7.9548;Geisenheim;Hessen
1584;2009-06-01;2021-01-25;672;47.9242;8.6473;Geisingen;Baden-Württemberg
1587;1996-08-30;2021-01-25;536;48.9481;11.4289;Gelbelsee;Bayern
1590;2003-07-01;2021-01-25;37;51.4942;6.2463;Geldern-Walbeck;Nordrhein-Westfalen
1595;2012-10-01;2021-01-25;91;51.5762;7.0652;Gelsenkirchen-Buer;Nordrhein-Westfalen
1598;2005-12-01;2021-01-25;328;50.248;7.7456;Oberbachheim;Rheinland-Pfalz
1602;2004-07-01;2021-01-25;177;48.433;7.993;Ohlsbach;Baden-Württemberg
1605;1995-09-01;2021-01-25;35;52.3875;12.1601;Genthin;Sachsen-Anhalt
1607;2002-11-01;2021-01-25;344;49.1934;11.0267;Georgensgmünd;Bayern
1612;1995-09-01;2021-01-25;311;50.8813;12.1289;Gera-Leumnitz;Thüringen
1639;1997-03-20;2021-01-25;203;50.6017;8.6439;Gießen/Wettenberg;Hessen
1645;2004-05-01;2021-01-25;340;50.9656;9.05;Gilserberg-Moischeid;Hessen
1650;2004-11-01;2021-01-25;250;49.4648;7.4111;Henschtal;Rheinland-Pfalz
1669;2006-11-01;2021-01-25;43;53.808;12.9608;Borrentin-Wolkwitz;Mecklenburg-Vorpommern
1684;1995-09-01;2021-01-25;238;51.1622;14.9506;Görlitz;Sachsen
1689;2004-07-01;2021-01-25;443;49.7656;11.3061;Gößweinstein;Bayern
1691;1995-09-01;2021-01-25;167;51.5002;9.9507;Göttingen;Niedersachsen
1694;1995-09-01;2021-01-25;58;53.606;12.1033;Goldberg;Mecklenburg-Vorpommern
1711;2007-05-01;2021-01-25;438;47.7344;8.7932;Gottmadingen;Baden-Württemberg
1717;2005-09-01;2021-01-25;28;53.2651;11.5042;Grabow (Kläranlage Fahlenkamp);Mecklenburg-Vorpommern
1721;2006-10-01;2021-01-25;506;49.664;11.2239;Gräfenberg-Kasberg;Bayern
1735;2005-03-01;2021-01-25;628;48.7894;13.629;Grainet-Rehberg;Bayern
1736;2002-07-02;2021-01-25;27;53.5731;10.6797;Grambek;Schleswig-Holstein
1744;2004-12-01;2021-01-25;139;51.5718;14.4763;Graustein;Brandenburg
1750;2004-09-01;2021-01-25;190;51.4498;9.4131;Grebenstein;Hessen
1757;1995-09-01;2021-01-25;2;54.0967;13.4056;Greifswald;Mecklenburg-Vorpommern
1759;2001-01-17;2021-01-25;12;54.2437;13.9102;Greifswalder Oie;Mecklenburg-Vorpommern
1766;1995-09-01;2021-01-25;48;52.1344;7.6969;Münster/Osnabrück;Nordrhein-Westfalen
1769;2004-10-01;2021-01-21;25;53.8312;11.1713;Grevesmühlen;Mecklenburg-Vorpommern
1770;2006-10-01;2021-01-25;38;52.4233;11.966;Grieben;Sachsen-Anhalt
1792;2005-12-01;2021-01-25;27;52.7553;7.4815;Groß Berßen;Niedersachsen
1793;2006-08-01;2021-01-25;104;51.8806;11.465;Hecklingen-Groß Börnecke;Sachsen-Anhalt
1801;2004-07-01;2021-01-25;31;52.4042;12.7923;Groß Kreutz;Brandenburg
1803;2004-09-01;2021-01-25;34;54.0714;12.3238;Groß Lüsewitz;Mecklenburg-Vorpommern
1810;2014-07-01;2021-01-23;56;52.9094;13.5371;Schorfheide-Groß Schönebeck;Brandenburg
1813;2007-01-01;2021-01-25;15;54.4032;9.7654;Groß Wittensee;Schleswig-Holstein
1814;2004-06-01;2021-01-25;87;49.9052;8.4459;Groß-Gerau-Wallerstädten;Hessen
1827;2007-01-01;2021-01-25;3;54.3726;11.0828;Großenbrode;Schleswig-Holstein
1830;2004-11-01;2011-01-21;270;50.5455;9.5175;Großenlüder-Kleinlüder;Hessen
1832;2000-08-16;2021-01-25;1436;49.1129;13.1338;Großer Arber;Bayern
1844;2007-01-01;2021-01-25;517;47.9411;11.9004;Feldkirchen-Westerham-Lenzmühle;Bayern
1847;2008-04-01;2021-01-25;92;51.2743;12.0517;Weißenfels-Wengelsdorf;Sachsen-Anhalt
1848;2006-11-01;2021-01-25;118;51.309;12.1718;Markranstädt-Großlehna;Sachsen
1863;2007-12-01;2021-01-25;258;50.2667;9.1854;Gründau-Breitenborn;Hessen
1869;1995-09-01;2021-01-25;56;53.3153;13.9338;Grünow;Brandenburg
1870;2002-11-01;2021-01-25;160;49.5665;8.178;Grünstadt;Rheinland-Pfalz
1886;2004-07-01;2021-01-25;444;48.4878;10.2608;Günzburg;Bayern
1888;2005-02-01;2021-01-25;10;53.8119;12.114;Parum;Mecklenburg-Vorpommern
1937;2005-02-01;2021-01-25;524;48.3705;8.7666;Haigerloch-Weildorf;Baden-Württemberg
1957;1995-09-01;2015-03-23;93;51.5138;11.9499;Halle-Kröllwitz;Sachsen-Anhalt
1964;2005-05-01;2021-01-25;328;49.9445;6.3821;Olsdorf;Rheinland-Pfalz
1975;1995-09-05;2021-01-25;14;53.6332;9.9881;Hamburg-Fuhlsbüttel;Hamburg
1981;2005-03-01;2021-01-25;3;53.4777;9.8957;Hamburg-Neuwiedenthal;Hamburg
2011;2005-01-01;2021-01-25;50;52.3965;9.6629;Hannover-Herrenhausen;Niedersachsen
2012;2010-06-01;2021-01-25;57;52.3671;9.819;Hannover-Kirchrode;Niedersachsen
2014;1995-09-01;2021-01-25;59;52.4644;9.6779;Hannover;Niedersachsen
2023;1995-09-01;2021-01-25;501;48.7918;10.7062;Harburg;Bayern
2027;2006-06-01;2021-01-25;63;51.9753;8.2094;Harsewinkel;Nordrhein-Westfalen
2039;2006-11-01;2021-01-25;201;51.9002;10.5699;Harzburg, Bad;Niedersachsen
2044;1995-09-01;2021-01-25;404;51.652;11.1367;Harzgerode;Sachsen-Anhalt
2050;2006-10-01;2021-01-25;218;48.2766;8.0841;Haslach im Kinzigtal;Baden-Württemberg
2064;2005-01-01;2021-01-25;449;49.184;10.8243;Haundorf-Obererlbach;Bayern
2066;2002-11-01;2021-01-25;257;50.7383;9.6608;Haunetal-Wehrda;Hessen
2072;2006-10-10;2016-10-25;665;48.2738;9.4745;Hayingen;Baden-Württemberg
2074;2004-06-01;2021-01-25;518;48.3752;8.98;Hechingen;Baden-Württemberg
2080;2004-07-01;2012-09-12;110;49.4206;8.6676;Heidelberg;Baden-Württemberg
2088;2004-06-01;2005-05-12;498;48.6765;10.1307;Heidenheim/Brenz;Baden-Württemberg
2109;2004-10-01;2021-01-25;450;50.0664;9.3458;Heinrichsthal;Bayern
2110;2003-01-05;2021-01-25;57;51.0411;6.1042;Heinsberg-Schleiden;Nordrhein-Westfalen
2115;2000-02-09;2021-01-25;4;54.175;7.892;Helgoland;Schleswig-Holstein
2152;2004-09-01;2021-01-25;380;51.0423;10.1469;Herleshausen-Archfeld;Hessen
2159;2005-07-01;2021-01-25;434;48.5915;8.8541;Herrenberg;Baden-Württemberg
2167;2005-03-01;2012-04-02;302;49.7672;7.3356;Niederwörresbach;Rheinland-Pfalz
2170;2004-09-11;2021-01-25;526;50.1499;6.5527;Weißenseifen;Rheinland-Pfalz
2171;1995-09-01;2021-01-25;272;50.852;9.7377;Hersfeld, Bad;Hessen
2174;2010-11-01;2021-01-25;238;51.6255;10.3695;Herzberg;Niedersachsen
2175;2006-11-01;2021-01-25;340;51.689;10.357;Herzberg-Lonau;Niedersachsen
2184;2005-02-01;2019-07-26;340;51.21;9.6915;Hessisch Lichtenau-Fürstenhagen;Hessen
2201;2005-08-01;2021-01-25;1;54.575;13.1044;Hiddensee-Vitte;Mecklenburg-Vorpommern
2211;2004-10-01;2021-01-25;295;50.7371;7.6528;Hilgenroth;Rheinland-Pfalz
2213;2002-11-01;2021-01-25;407;50.3105;6.6236;Lissendorf;Rheinland-Pfalz
2233;2004-08-01;2021-01-25;446;50.404;11.8193;Hirschberg;Thüringen
2236;2005-03-01;2018-01-01;205;49.049;7.756;Hirschthal;Rheinland-Pfalz
2252;2005-07-01;2021-01-25;270;50.899;14.7457;Bertsdorf-Hörnitz;Sachsen
2254;2005-06-01;2021-01-25;46;52.2396;7.6449;Hörstel-Riesenbeck;Nordrhein-Westfalen
2261;1999-12-02;2021-01-25;565;50.3123;11.876;Hof;Bayern
2272;2009-12-01;2021-01-25;43;53.7784;11.5595;Ventschow;Mecklenburg-Vorpommern
2274;2004-11-01;2021-01-25;518;50.092;12.2134;Hohenberg/Eger;Bayern
2278;2004-12-01;2021-01-25;131;51.764;13.47;Hohenbucko;Brandenburg
2290;1995-09-01;2021-01-25;977;47.8009;11.0108;Hohenpeißenberg;Bayern
2292;2004-10-26;2020-10-01;740;48.3551;9.3356;Hohenstein-Bernloch;Baden-Württemberg
2293;2004-12-01;2021-01-25;315;50.1919;8.088;Hohenstein-Breithardt;Hessen
2294;2004-07-01;2021-01-25;468;48.6572;12.0887;Hohenthann;Bayern
2306;2005-08-01;2021-01-25;8;54.3194;10.6732;Hohwacht;Schleswig-Holstein
2319;2005-06-01;2021-01-25;685;47.8823;11.6961;Holzkirchen;Bayern
2323;2006-07-01;2021-01-25;110;51.8529;9.4953;Bevern, Kr. Holzminden;Niedersachsen
2329;2004-09-01;2021-01-25;255;50.2446;8.5725;Homburg, Bad (Filterwerk);Hessen
2331;2004-08-01;2021-01-25;235;49.3278;7.3533;Homburg/Saar;Saarland
2355;2005-10-01;2021-01-25;4;53.1228;8.4205;Hude/Oldenburg;Niedersachsen
2362;2004-08-01;2021-01-25;328;50.5651;7.4843;Hümmerich;Rheinland-Pfalz
2372;2007-05-01;2021-01-25;604;50.5466;12.5706;Stützengrün-Hundshübel;Sachsen
2376;2005-12-01;2021-01-25;455;48.6549;13.5077;Büchlberg-Tannöd;Bayern
2387;2004-08-01;2021-01-25;626;48.0374;10.7409;Buchloe;Bayern
2388;2005-03-01;2021-01-25;193;48.0419;7.6322;Ihringen;Baden-Württemberg
2405;2004-12-01;2021-01-25;960;47.6078;10.202;Immenstadt-Reute;Bayern
2410;2018-05-11;2018-05-11;364;48.7112;11.5362;Ingolstadt (Flugplatz);Bayern
2415;2005-02-01;2021-01-25;713;47.8177;11.8681;Irschenberg-Kasthub;Bayern
2416;2005-01-01;2021-01-25;549;48.2022;12.0382;Isen-Westach;Bayern
2429;2003-06-26;2021-01-25;21;53.9897;9.5696;Itzehoe;Schleswig-Holstein
2431;2004-10-01;2021-01-25;367;50.1337;10.9317;Itzgrund-Herreth;Bayern
2438;2008-04-01;2021-01-25;40;53.4277;13.8167;Uckerland-Karlstein;Brandenburg
2444;2004-08-01;2021-01-25;155;50.9251;11.583;Jena (Sternwarte);Thüringen
2465;2002-07-01;2021-01-25;1;53.5083;9.7376;Jork-Moorende;Niedersachsen
2473;2004-12-01;2021-01-25;76;50.9316;6.3431;Jülich (Kläranlage);Nordrhein-Westfalen
2480;2004-09-01;2021-01-25;108;50.0643;8.993;Kahl/Main;Bayern
2483;1995-10-12;2021-01-25;839;51.1803;8.4891;Kahler Asten;Nordrhein-Westfalen
2485;2011-05-02;2021-01-25;489;48.917;9.6871;Kaisersbach-Cronhütte;Baden-Württemberg
2486;2005-03-01;2021-01-25;271;49.4262;7.7557;Kaiserslautern;Rheinland-Pfalz
2497;2004-08-01;2021-01-25;505;50.5014;6.5264;Kall-Sistig;Nordrhein-Westfalen
2503;1995-09-01;2003-05-02;487;50.6266;10.1455;Kaltennordheim;Thüringen
2518;2005-11-01;2021-01-25;34;54.0117;13.4999;Groß Kiesow-Schlagtow;Mecklenburg-Vorpommern
2522;1996-01-28;2008-11-01;112;49.0382;8.3641;Karlsruhe;Baden-Württemberg
2531;2004-07-01;2021-01-25;32;53.1724;11.7491;Karstädt/Prignitz;Brandenburg
2532;2000-04-19;2013-11-01;231;51.2963;9.4424;Kassel;Hessen
2538;2005-06-01;2021-01-25;425;49.3658;11.6925;Kastl, Kreis Amberg-Sulzbach;Bayern
2541;2002-11-01;2021-01-25;452;50.5467;11.0317;Katzhütte;Thüringen
2542;2004-06-01;2016-04-01;716;47.8652;10.6007;Kaufbeuren;Bayern
2546;2007-05-01;2021-01-25;141;48.5576;7.88;Kehl-Odelshofen;Baden-Württemberg
2556;2004-11-01;2021-01-25;460;49.8671;11.8807;Kemnath;Bayern
2559;1995-09-01;2021-01-25;705;47.7233;10.3348;Kempten;Bayern
2562;2009-03-01;2021-01-25;428;51.334;10.529;Helbedündorf-Keula;Thüringen
2564;2010-07-14;2021-01-25;28;54.3776;10.1424;Kiel-Holtenau;Schleswig-Holstein
2575;2006-09-01;2021-01-25;432;49.1804;9.98;Kirchberg/Jagst-Herboldshausen;Baden-Württemberg
2577;2005-10-01;2021-01-25;34;52.6007;8.8522;Kirchdorf, Kreis Diepholz;Niedersachsen
2578;2004-07-01;2021-01-25;12;53.9995;11.4341;Kirchdorf/Poel;Mecklenburg-Vorpommern
2595;2004-07-01;2021-01-25;181;49.789;7.4853;Kirn;Rheinland-Pfalz
2597;1995-09-01;2021-01-25;282;50.224;10.0792;Kissingen, Bad;Bayern
2600;2005-03-01;2021-01-25;193;49.7363;10.1781;Kitzingen;Bayern
2601;1995-09-01;2021-01-25;826;50.2218;8.4469;Kleiner Feldberg/Taunus;Hessen
2618;2004-10-01;2021-01-25;732;50.8458;10.4803;Kleiner Inselsberg;Thüringen
2625;2004-07-01;2021-01-25;38;52.739;12.4984;Kleßen;Brandenburg
2627;2004-07-01;2021-01-25;128;51.5554;13.8845;Klettwitz;Brandenburg
2629;2004-07-01;2021-01-25;46;51.7612;6.0954;Kleve;Nordrhein-Westfalen
2638;1995-09-01;2021-01-25;974;48.1054;8.7548;Klippeneck;Baden-Württemberg
2641;2004-09-01;2021-01-25;85;51.5185;12.9065;Klitzschen bei Torgau;Sachsen
2662;2006-12-01;2021-01-25;59;52.5233;11.1261;Köckte;Sachsen-Anhalt
2667;1995-09-01;2021-01-25;92;50.8646;7.1575;Köln-Bonn;Nordrhein-Westfalen
2673;2007-08-01;2021-01-25;52;52.133;11.7757;Königsborn;Sachsen-Anhalt
2680;2005-06-01;2021-01-25;289;50.284;10.4456;Königshofen, Bad;Bayern
2689;2004-11-01;2021-01-25;40;53.2279;9.6527;Königsmoor;Niedersachsen
2700;2004-12-01;2021-01-25;416;48.8302;11.4872;Kösching;Bayern
2703;1995-09-01;2000-10-10;496;51.855;9.3239;Köterberg;Nordrhein-Westfalen
2704;2004-05-01;2021-01-25;76;51.7511;12.0094;Köthen (Anhalt);Sachsen-Anhalt
2708;2006-07-01;2021-01-25;742;47.6652;11.0805;Kohlgrub, Bad (Rosshof);Bayern
2709;2004-11-01;2021-01-25;230;49.9164;10.2363;Kolitzheim;Bayern
2712;1995-09-01;2021-01-25;428;47.6952;9.1307;Konstanz;Baden-Württemberg
2718;2002-11-01;2020-01-24;458;51.288;8.7928;Korbach-Rhena;Hessen
2733;2004-11-01;2021-01-25;46;52.7277;13.0121;Kremmen-Groß Ziethen;Brandenburg
2734;2006-01-01;2021-01-25;2;54.3237;9.0247;Krempel;Schleswig-Holstein
2740;2005-05-01;2021-01-25;897;47.6105;11.6462;Kreuth-Glashütte;Bayern
2749;2004-08-01;2021-01-25;52;54.0805;11.7425;Gersdorf;Mecklenburg-Vorpommern
2750;2005-11-01;2021-01-25;312;50.2523;11.3209;Kronach;Bayern
2763;2005-12-01;2021-01-25;1;53.5039;7.1217;Norden-Leybuchtpolder;Niedersachsen
2779;2004-11-01;2021-01-25;63;53.1486;12.0851;Kuhbier;Brandenburg
2787;2005-01-01;2021-01-25;354;49.2428;9.6786;Kupferzell-Rechbach;Baden-Württemberg
2792;2004-08-01;2021-01-25;498;48.3737;10.7604;Diedorf/Schwaben-Biburg;Bayern
2794;1995-09-01;2021-01-25;40;52.9363;12.4093;Kyritz;Brandenburg
2810;2006-12-01;2021-01-25;150;51.9446;8.7749;Lage, Kreis Lippe-Hörste;Nordrhein-Westfalen
2812;1996-03-27;2021-01-25;156;48.3647;7.828;Lahr;Baden-Württemberg
2814;2002-11-01;2021-01-25;685;48.5121;9.7645;Merklingen;Baden-Württemberg
2822;2004-10-01;2021-01-25;25;53.6369;9.0979;Lamstedt;Niedersachsen
2839;2006-12-01;2021-01-25;210;51.9262;10.3461;Langelsheim-Astfeld;Niedersachsen
2844;2007-10-01;2021-01-25;13;53.6956;8.6291;Langen-Holßel, Kreis Cuxhaven;Niedersachsen
2850;2006-11-01;2021-01-25;777;48.1994;9.3327;Langenenslingen-Ittenhausen;Baden-Württemberg
2856;2004-07-01;2021-01-25;91;51.9173;13.0878;Langenlipsdorf;Brandenburg
2860;2004-12-01;2021-01-25;370;49.5075;10.7884;Langenzenn;Bayern
2878;2017-08-01;2021-01-25;117;51.3909;11.8786;Lauchstädt, Bad;Sachsen-Anhalt
2880;2005-07-11;2021-01-25;324;49.5522;9.6345;Lauda-Königshofen-Heckfeld;Baden-Württemberg
2884;2010-01-01;2021-01-25;310;49.5042;11.2736;Lauf/Pegnitz (Kläranlage);Bayern
2890;2006-09-01;2019-07-17;305;51.5957;10.463;Lauterberg,Bad-Bartolfelde;Niedersachsen
2900;2007-12-01;2021-01-25;208;49.709;8.6908;Lautertal/Odenwald-Reichenbach;Hessen
2907;1999-02-01;2021-01-25;7;54.7903;8.9514;Leck;Schleswig-Holstein
2925;1995-09-01;2021-01-25;356;51.3933;10.3123;Leinefelde;Thüringen
2928;1997-04-07;2021-01-25;138;51.3151;12.4462;Leipzig-Holzhausen;Sachsen
2932;1995-09-01;2021-01-25;131;51.4348;12.2396;Leipzig/Halle;Sachsen
2947;2006-10-01;2021-01-25;286;51.1333;8.0348;Lennestadt-Theten;Nordrhein-Westfalen
2951;2004-06-01;2021-01-25;20;53.1007;11.4864;Lenzen/Elbe;Brandenburg
2953;2007-04-01;2021-01-25;852;47.8597;8.2308;Lenzkirch-Ruhbühl;Baden-Württemberg
2958;2004-10-01;2021-01-25;204;51.0265;14.9357;Ostritz;Sachsen
2968;2008-12-01;2021-01-25;43;50.9894;6.9777;Köln-Stammheim;Nordrhein-Westfalen
2985;1995-09-01;2021-01-25;321;50.9383;14.2093;Lichtenhain-Mittelndorf;Sachsen
2988;2004-07-01;2021-01-25;162;51.4881;9.25;Liebenau-Haueda;Hessen
2992;2004-11-01;2021-01-25;495;50.5276;11.6604;Remptendorf;Thüringen
2996;2006-10-09;2016-10-27;352;48.7726;8.7287;Liebenzell, Bad;Baden-Württemberg
2997;2004-07-01;2021-01-25;47;51.9861;14.3044;Lieberose;Brandenburg
2999;2004-07-01;2021-01-25;55;52.1211;7.8699;Lienen-Kattenvenne;Nordrhein-Westfalen
3015;1995-09-01;2021-01-25;98;52.2085;14.118;Lindenberg;Brandenburg
3023;1995-09-01;2016-12-31;22;52.5181;7.3081;Lingen;Niedersachsen
3024;2004-09-11;2021-01-25;485;50.094;7.5675;Lingerhahn (WWV RLP);Rheinland-Pfalz
3028;1995-09-01;2021-01-25;157;51.7854;8.8388;Lippspringe, Bad;Nordrhein-Westfalen
3031;2004-07-01;2021-01-25;92;51.6336;8.3945;Lippstadt-Bökenförde;Nordrhein-Westfalen
3032;1995-11-30;2021-01-25;25;55.011;8.4125;List auf Sylt;Schleswig-Holstein
3034;2007-01-01;2021-01-25;496;50.4505;11.635;Lobenstein, Bad;Thüringen
3042;2008-06-01;2021-01-25;230;50.5617;8.2386;Löhnberg-Obershausen;Hessen
3044;2007-07-01;2018-06-01;22;52.7198;7.7472;Löningen;Niedersachsen
3080;2004-10-01;2021-01-25;521;50.5131;11.3664;Ludwigsstadt-Lauenstein;Bayern
3081;2007-12-01;2021-01-25;65;52.3452;8.6477;Espelkamp-Isenstedt;Nordrhein-Westfalen
3083;2005-01-01;2021-01-25;57;51.9267;13.8797;Lübben-Blumenfelde;Brandenburg
3086;1996-06-26;2021-01-25;15;53.8025;10.6989;Lübeck-Blankensee;Schleswig-Holstein
3093;1995-09-01;2021-01-25;16;52.9724;11.1374;Lüchow;Niedersachsen
3094;2006-11-01;2021-01-25;166;51.3122;14.0499;Kamenz-Cunnersdorf;Sachsen
3098;1995-09-01;2021-01-25;387;51.2452;7.6425;Lüdenscheid;Nordrhein-Westfalen
3121;2004-09-01;2021-01-25;677;49.9113;12.5276;Mähring;Bayern
3126;1995-09-01;2021-01-25;79;52.1029;11.5827;Magdeburg;Sachsen-Anhalt
3136;2002-11-01;2021-01-25;102;50.1294;8.8209;Mühlheim/Main;Hessen
3137;2008-05-01;2021-01-25;195;49.9656;8.2139;Mainz-Lerchenberg (ZDF);Rheinland-Pfalz
3146;2004-11-01;2021-01-25;31;53.2141;11.3686;Malk Göhren;Mecklenburg-Vorpommern
3147;2013-09-01;2020-08-03;418;48.7725;12.2179;Mallersdorf-Pfaffenberg/Niederbayern;Bayern
3148;2006-11-01;2007-06-19;40;53.2113;11.3247;Malliß;Mecklenburg-Vorpommern
3153;2004-10-01;2021-01-25;449;48.6189;12.6233;Mamming-Schneiderberg;Bayern
3155;2004-08-01;2021-01-25;413;50.1015;6.8009;Manderscheid-Sonnenhof;Rheinland-Pfalz
3158;1995-09-01;2021-01-25;12;52.5468;14.5452;Manschnow;Brandenburg
3164;2006-07-01;2021-01-25;187;50.8492;8.7746;Cölbe, Kr. Marburg-Biedenkopf;Hessen
3166;1995-09-01;2021-01-25;639;50.651;13.1469;Marienberg;Sachsen
3167;1999-05-27;2021-01-25;547;50.6621;7.9603;Marienberg, Bad;Rheinland-Pfalz
3175;2006-11-01;2021-01-25;504;50.5219;12.8282;Raschau;Sachsen
3179;2004-08-01;2021-01-25;320;49.666;10.3851;Markt Bibart;Bayern
3192;2005-03-01;2021-01-25;506;47.7046;13.0372;Marktschellenberg;Bayern
3196;1995-09-01;2021-01-25;81;53.3223;11.9319;Marnitz;Mecklenburg-Vorpommern
3204;2008-07-01;2021-01-25;429;50.7335;10.8815;Martinroda;Thüringen
3205;2005-08-01;2021-01-25;33;52.6579;13.179;Marwitz (Wasserwerk);Brandenburg
3207;2004-12-01;2021-01-25;328;50.1798;10.272;Maßbach;Bayern
3215;2007-06-01;2021-01-25;375;51.1683;8.7125;Medebach-Berge;Nordrhein-Westfalen
3217;2006-08-01;2021-01-25;22;54.8373;9.1481;Weesby;Schleswig-Holstein
3226;2006-08-01;2021-01-25;107;51.7259;11.5109;Aschersleben-Mehringen;Sachsen-Anhalt
3231;1995-09-01;2021-01-25;450;50.5612;10.3771;Meiningen;Thüringen
3234;2005-02-01;2021-01-25;158;51.1294;13.4328;Garsebach bei Meißen;Sachsen
3238;2011-06-01;2021-01-25;2;53.9497;13.9742;Dewichow;Mecklenburg-Vorpommern
3244;2009-08-01;2021-01-25;615;47.982;10.1384;Memmingen;Bayern
3247;2007-05-01;2021-01-25;567;48.0557;9.3185;Mengen-Ennetach;Baden-Württemberg
3248;2007-04-01;2021-01-25;516;50.3904;11.1324;Frankenblick-Mengersgereuth-Hämmern;Thüringen
3257;2004-06-01;2021-01-25;250;49.4773;9.7622;Mergentheim, Bad-Neunkirchen;Baden-Württemberg
3263;2004-09-01;2021-01-25;171;49.4566;6.6266;Merzig;Saarland
3268;2013-10-02;2021-01-25;900;48.1694;8.9433;Meßstetten-Appental;Baden-Württemberg
3271;2004-11-01;2021-01-25;314;48.8548;12.9189;Metten;Bayern
3278;2003-01-05;2021-01-25;354;48.5377;9.2734;Metzingen;Baden-Württemberg
3279;2002-11-01;2021-01-25;173;51.0452;12.2989;Meuselwitz;Thüringen
3280;2004-07-01;2021-01-25;98;53.3083;12.2937;Meyenburg;Brandenburg
3284;2005-05-01;2021-01-25;240;49.6691;9.0085;Michelstadt;Hessen
3287;1995-09-01;2021-01-25;453;49.7176;9.0997;Michelstadt-Vielbrunn;Hessen
3289;2004-11-10;2021-01-25;356;50.7281;11.7838;Schmieritz-Weltwitz;Thüringen
3293;2006-01-01;2021-01-25;590;48.0649;10.4835;Mindelheim;Bayern
3297;2005-07-01;2021-01-25;64;53.2681;12.7221;Krümmel;Mecklenburg-Vorpommern
3304;2007-04-01;2021-01-25;296;51.2326;10.7693;Freienbessingen;Thüringen
3307;2008-04-01;2021-01-25;984;47.4779;11.2653;Mittenwald-Buckelwiesen;Bayern
3308;2005-08-01;2021-01-25;72;53.1846;13.6546;Mittenwalde/Uckermark;Brandenburg
3319;2006-09-01;2021-01-25;239;49.7644;9.253;Röllbach;Bayern
3321;2005-07-01;2021-01-25;77;51.1313;6.3609;Mönchengladbach-Hilderath;Nordrhein-Westfalen
3339;2006-09-01;2021-01-25;541;50.5202;6.2084;Monschau-Kalterherberg;Nordrhein-Westfalen
3340;2005-05-01;2021-01-25;265;50.4383;7.8061;Montabaur;Rheinland-Pfalz
3342;2005-03-01;2021-01-25;0;53.311;7.4329;Moormerland-Neermoor;Niedersachsen
3348;2004-06-01;2021-01-25;240;51.7209;9.8352;Moringen-Lutterbeck;Niedersachsen
3362;1995-09-01;2021-01-25;243;48.9721;8.8735;Mühlacker;Baden-Württemberg
3364;2004-07-01;2021-01-25;286;50.8681;10.8211;Drei Gleichen-Mühlberg;Thüringen
3366;1995-09-01;2021-01-25;406;48.279;12.5024;Mühldorf;Bayern
3376;2004-06-01;2021-01-25;63;52.5176;14.1232;Müncheberg;Brandenburg
3379;1997-07-07;2021-01-25;515;48.1632;11.5429;München-Stadt;Bayern
3402;2002-11-01;2021-01-25;750;48.3851;9.4837;Münsingen-Apfelstetten;Baden-Württemberg
3413;2004-07-01;2019-10-24;155;50.4522;8.7317;Münzenberg-Gambach;Hessen
3418;2007-01-01;2021-01-25;594;48.2754;9.6355;Ehingen-Kirchen;Baden-Württemberg
3426;2004-06-01;2021-01-25;127;51.566;14.7008;Muskau, Bad;Sachsen
3432;2005-04-15;2021-01-25;380;48.5667;8.7184;Nagold;Baden-Württemberg
3435;2002-11-01;2021-01-25;477;48.5235;11.8398;Nandlstadt;Bayern
3438;2004-12-01;2021-01-25;401;48.8016;11.2181;Nassenfels;Bayern
3440;2005-09-01;2021-01-25;530;48.7071;10.2997;Nattheim-Fleinheim;Baden-Württemberg
3442;2004-10-01;2021-01-25;149;50.3574;8.7506;Nauheim, Bad;Hessen
3443;2004-12-01;2017-07-01;304;51.2748;9.1975;Naumburg-Altenstädt;Hessen
3445;2004-11-01;2021-01-25;100;51.9245;12.8888;Jessen (Elster)-Naundorf;Sachsen-Anhalt
3448;2010-06-10;2021-01-25;117;49.3945;8.8046;Neckargemünd-Kleingemünd;Baden-Württemberg
3473;2004-11-20;2021-01-25;89;53.0528;12.7562;Neuruppin-Gühlen Glienicke;Brandenburg
3478;1995-09-01;2005-08-17;81;53.5468;13.1914;Neubrandenburg;Mecklenburg-Vorpommern
3485;2005-05-01;2021-01-25;486;48.3115;10.3773;Neuburg/Kammel-Langenhaslach;Bayern
3490;2004-09-01;2021-01-25;111;50.5346;7.0853;Neuenahr, Bad-Ahrweiler;Rheinland-Pfalz
3491;2004-06-01;2021-01-25;738;50.441;11.2401;Föritztal-Neuenbau;Thüringen
3497;2004-10-01;2021-01-25;336;50.1226;11.5596;Ludwigschorgast;Bayern
3499;2006-07-01;2021-01-25;292;51.2915;7.853;Neuenrade-Blintrop;Nordrhein-Westfalen
3509;2004-10-01;2021-01-25;77;53.102;13.0421;Menz;Brandenburg
3513;1995-09-01;2021-01-25;845;50.5002;11.1344;Neuhaus am Rennweg;Thüringen
3519;2005-03-01;2021-01-25;663;47.9519;8.9932;Neuhausen ob Eck-Unterschwandorf;Baden-Württemberg
3527;2004-05-01;2021-01-25;500;50.8923;9.405;Neukirchen-Hauptschwenda;Hessen
3538;1995-09-01;1995-10-23;20;54.0833;9.9333;Neumünster-Wasbek;Schleswig-Holstein
3540;2004-11-01;2021-01-25;195;50.8446;7.372;Neunkirchen-Seelscheid-Krawinkel;Nordrhein-Westfalen
3545;2005-03-01;2021-01-25;236;49.344;7.2297;Neunkirchen-Wellesweiler;Saarland
3552;1995-09-01;2019-04-08;38;52.9037;12.8072;Neuruppin;Brandenburg
3558;2006-12-01;2021-01-25;41;52.5;9.4941;Neustadt am Rübenberge;Niedersachsen
3564;2005-02-01;2021-01-25;35;53.4571;11.5687;Neustadt-Glewe-Friedrichsmoor;Mecklenburg-Vorpommern
3571;2008-03-01;2021-01-25;452;49.8174;11.8638;Neustadt am Kulm-Filchendorf;Bayern
3584;2004-07-01;2021-01-25;365;49.8135;6.5858;Newel;Rheinland-Pfalz
3589;2004-06-01;2021-01-25;162;50.2741;8.8653;Nidderau-Erbstadt;Hessen
3591;2004-06-01;2021-01-25;350;50.6743;6.424;Nideggen-Schmidt;Nordrhein-Westfalen
3602;2005-10-01;2021-01-25;421;50.1749;6.77;Oberstadtfeld;Rheinland-Pfalz
3607;2004-10-01;2021-01-25;416;48.6106;12.4143;Loiching;Bayern
3612;2007-04-01;2021-01-25;25;52.6711;9.2229;Nienburg;Niedersachsen
3617;2005-01-01;2021-01-25;431;49.1658;12.2788;Nittenau-Harting;Bayern
3621;2006-01-01;2021-01-25;435;48.8253;10.5067;Reimlingen;Bayern
3625;2004-09-01;2021-01-25;403;49.5568;7.0716;Nohfelden-Gonnesweiler;Saarland
3631;1995-09-01;2021-01-25;12;53.7123;7.1519;Norderney;Niedersachsen
3650;2004-12-01;2021-01-25;212;51.763;10.0416;Northeim-Imbshausen;Niedersachsen
3660;1995-09-01;2021-01-25;485;50.3602;6.8697;Nürburg-Barweiler;Rheinland-Pfalz
3667;2005-03-01;2021-01-25;368;49.4258;11.2538;Nürnberg-Netzstall;Bayern
3668;1995-09-01;2021-01-25;314;49.503;11.0549;Nürnberg;Bayern
3677;2004-09-01;2021-01-25;832;47.603;11.0607;Oberammergau;Bayern
3679;2006-11-01;2021-01-25;518;47.6187;12.1665;Kiefersfelden-Gach;Bayern
3690;2006-10-10;2021-01-25;372;48.3862;8.1426;Oberharmersbach;Baden-Württemberg
3700;2005-11-01;2021-01-25;472;50.2661;9.7727;Oberleichtersbach-Modlos;Bayern
3704;2006-10-10;2021-01-25;516;48.2851;8.5754;Oberndorf/Neckar;Baden-Württemberg
3714;2004-09-01;2021-01-25;896;47.5538;9.9406;Oberreute;Bayern
3722;2005-01-01;2021-01-25;484;48.2443;11.5528;Oberschleißheim;Bayern
3730;1995-09-01;2021-01-25;806;47.3984;10.2759;Oberstdorf;Bayern
3733;2006-10-10;2016-10-20;468;49.0495;9.3923;Oberstenfeld-Prevorst;Baden-Württemberg
3734;2004-07-01;2021-01-25;230;49.128;9.3525;Obersulm-Willsbach;Baden-Württemberg
3739;2005-03-01;2021-01-25;596;49.4521;12.4365;Oberviechtach;Bayern
3740;2008-04-01;2021-01-25;195;50.9933;13.9808;Lohmen/Sachsen;Sachsen
3761;1995-09-01;2021-01-25;276;49.207;9.5176;Öhringen;Baden-Württemberg
3791;1998-09-30;2012-10-01;11;53.1763;8.1824;Oldenburg;Niedersachsen
3795;2004-12-01;2021-01-25;49;51.7066;7.3564;Olfen;Nordrhein-Westfalen
3802;2006-10-10;2016-10-27;315;48.4765;8.1624;Oppenau;Baden-Württemberg
3811;1995-09-01;2021-01-25;150;51.296;13.0928;Oschatz;Sachsen
3815;1995-09-01;2010-11-30;95;52.2553;8.0534;Osnabrück;Niedersachsen
3820;2007-11-01;2021-01-25;52;52.3657;8.2013;Ostercappeln-Schwagstorf;Niedersachsen
3821;1995-09-01;2021-01-25;246;51.0873;11.9292;Osterfeld;Sachsen-Anhalt
3836;2006-03-01;2021-01-25;314;50.4538;10.2211;Ostheim v.d. Rhön;Bayern
3844;2009-07-01;2021-01-25;295;51.9473;9.3999;Ottenstein;Niedersachsen
3848;2005-09-01;2021-01-25;17;53.1403;9.1517;Ottersberg-Otterstedt;Niedersachsen
3849;2005-03-01;2021-01-25;667;47.9303;10.31;Ottobeuren;Bayern
3853;2004-11-01;2021-01-25;2;53.3819;8.4493;Ovelgönne;Niedersachsen
3857;2005-01-01;2021-01-25;886;47.6362;10.3892;Oy-Mittelberg-Petersthal;Bayern
3875;2005-01-01;2021-01-25;549;49.151;11.6896;Parsberg/Oberpfalz-Eglwang;Bayern
3881;2004-11-01;2021-01-25;12;53.142;14.1075;Passow;Brandenburg
3897;1995-09-01;2021-01-25;2;54.0893;10.8773;Pelzerhaken;Schleswig-Holstein
3904;2004-09-01;2021-01-25;152;49.5354;6.3789;Perl-Nennig;Saarland
3906;2004-05-01;2021-01-25;40;53.0952;11.8603;Perleberg;Brandenburg
3911;2004-07-01;2021-01-25;305;50.6175;9.725;Petersberg-Marbach;Hessen
3913;2004-07-01;2021-01-25;43;52.3817;9.0176;Petershagen;Nordrhein-Westfalen
3919;2004-09-01;2021-01-25;381;48.4252;12.9924;Pfarrkirchen;Bayern
3925;2005-09-01;2021-01-25;332;48.9329;8.6973;Pforzheim-Ispringen;Baden-Württemberg
3927;2004-07-01;2021-01-25;630;47.9345;9.2869;Pfullendorf;Baden-Württemberg
3939;2004-10-01;2021-01-25;385;49.1912;7.5879;Pirmasens;Rheinland-Pfalz
3945;2005-03-01;2021-01-25;66;53.4585;12.2417;Plau am See;Mecklenburg-Vorpommern
3946;1995-09-01;2020-08-13;386;50.4819;12.13;Plauen;Sachsen
3948;2004-09-01;2021-01-25;443;49.649;11.4686;Plech;Bayern
3960;2004-09-01;2021-01-25;323;48.3952;13.3139;Pocking;Bayern
3965;2007-12-01;2021-01-25;5;54.1034;13.1533;Süderholz-Neuendorf;Mecklenburg-Vorpommern
3967;2005-04-01;2021-01-20;70;52.1836;14.5748;Pohlitz;Brandenburg
3969;2004-09-22;2021-01-25;235;50.3051;7.3108;Polch, Kr. Mayen-Koblenz;Rheinland-Pfalz
3972;2002-11-01;2021-01-25;510;48.9343;10.7586;Polsingen-Döckingen;Bayern
3975;2005-03-01;2021-01-25;522;49.4777;11.5357;Pommelsbrunn-Mittelburg;Bayern
3987;1995-09-01;2021-01-25;81;52.3813;13.0622;Potsdam;Brandenburg
3999;2004-11-01;2021-01-25;597;49.7844;12.0331;Pressath-Mühlberg;Bayern
4016;2005-03-01;2021-01-25;284;49.8526;10.1006;Prosselsheim-Seligenstadt;Bayern
4017;2002-11-01;2021-01-25;386;50.1807;6.3509;Prüm-Watzerath;Rheinland-Pfalz
4023;2010-04-01;2021-01-25;270;51.2006;14.0207;Pulsnitz;Sachsen
4024;1995-09-01;2021-01-25;40;54.3643;13.4771;Putbus;Mecklenburg-Vorpommern
4026;1995-09-01;1996-07-09;1;54.5;11.2167;Puttgarden;Schleswig-Holstein
4032;2006-12-01;2021-01-25;142;51.7953;11.132;Quedlinburg;Sachsen-Anhalt
4036;2007-03-01;2021-01-25;204;51.3895;11.5412;Querfurt-Mühle Lodersleben;Sachsen-Anhalt
4039;1996-02-07;2021-01-25;11;53.7331;9.8776;Quickborn;Schleswig-Holstein
4052;2007-12-01;2021-01-25;94;51.7556;12.5103;Kemberg-Radis;Sachsen-Anhalt
4063;2003-07-01;2021-01-25;41;52.4461;8.5906;Rahden-Kleinendorf;Nordrhein-Westfalen
4065;2004-07-01;2021-01-25;462;48.6192;11.0059;Rain am Lech-Wallerdorf;Bayern
4078;2005-12-01;2021-01-25;16;53.2427;8.2237;Rastede;Niedersachsen
4080;2005-09-01;2021-01-25;10;53.7409;13.7906;Rathebur;Mecklenburg-Vorpommern
4090;2005-08-01;2021-01-25;89;50.0056;8.4291;Raunheim;Hessen
4094;2004-06-01;2021-01-25;440;47.8062;9.6206;Weingarten, Kr. Ravensburg;Baden-Württemberg
4101;2004-08-01;2021-01-25;16;53.3469;11.1992;Redefin;Mecklenburg-Vorpommern
4104;1995-09-01;2021-01-25;365;49.0425;12.1019;Regensburg;Bayern
4109;2004-10-01;2021-01-25;586;50.2214;12.0275;Rehau;Bayern
4112;2006-12-01;2021-01-25;60;52.4396;9.1335;Rehburg-Loccum;Niedersachsen
4127;2005-01-01;2021-01-25;347;50.9906;7.6958;Reichshof-Eckenhagen;Nordrhein-Westfalen
4132;2002-11-01;2021-01-25;115;51.4841;9.6121;Reinhardshagen-Vaake;Hessen
4134;2002-11-01;2018-11-01;172;49.8366;8.8806;Otzberg-Habitzheim;Hessen
4135;2007-06-01;2021-01-25;336;51.4248;10.1898;Reinholterode;Thüringen
4150;2005-12-01;2021-01-25;59;51.8118;7.0907;Reken;Nordrhein-Westfalen
4154;2011-02-01;2018-07-01;345;51.18;7.2505;Remscheid-Lennep;Nordrhein-Westfalen
4159;2004-12-01;2021-01-25;522;48.8104;10.9359;Tagmersheim-Blossenau;Bayern
4160;2004-07-01;2021-01-25;478;48.7425;8.924;Renningen-Ihinger Hof;Baden-Württemberg
4169;2002-11-01;2021-01-25;131;48.6703;7.9939;Rheinau-Memprechtshofen;Baden-Württemberg
4175;2004-06-01;2021-01-25;282;47.559;7.7721;Rheinfelden;Baden-Württemberg
4177;2008-11-01;2021-01-25;116;48.9726;8.3301;Rheinstetten;Baden-Württemberg
4185;2004-09-01;2021-01-25;363;48.9557;11.7278;Riedenburg;Bayern
4189;2004-08-01;2021-01-25;533;48.1479;9.4596;Altheim, Kreis Biberach;Baden-Württemberg
4211;2005-04-15;2021-01-25;493;48.4245;8.3303;Rippoldsau, Bad;Baden-Württemberg
4219;2004-10-01;2021-01-25;512;50.3965;6.8568;Rodder;Rheinland-Pfalz
4224;2005-09-01;2021-01-25;388;49.2412;12.4125;Roding-Neubäu;Bayern
4230;2002-11-01;2021-01-25;137;49.9832;8.8395;Rödermark-Ober-Roden;Hessen
4248;2002-11-01;2021-01-25;402;49.3082;10.9183;Rohr/Mittelfranken-Dechendorf;Bayern
4261;2006-03-01;2021-01-25;442;47.8753;12.128;Rosenheim;Bayern
4271;1995-09-01;2021-01-25;4;54.1803;12.0808;Rostock-Warnemünde;Mecklenburg-Vorpommern
4275;2004-12-01;2021-01-25;32;53.1288;9.3398;Rotenburg (Wümme);Niedersachsen
4280;2010-07-08;2021-01-25;386;49.2162;11.1035;Roth;Bayern
4282;2004-10-01;2021-01-25;24;53.5954;13.8121;Rothemühl;Mecklenburg-Vorpommern
4287;2005-01-01;2021-01-25;415;49.3848;10.1732;Rothenburg ob der Tauber;Bayern
4288;2005-12-01;2021-01-25;95;52.1038;8.1808;Rothenfelde, Bad;Niedersachsen
4290;2004-09-01;2017-04-18;14;53.5169;14.2044;Rothenklempenow;Mecklenburg-Vorpommern
4294;2004-10-26;2021-01-25;360;48.4704;8.9687;Rottenburg-Kiebingen;Baden-Württemberg
4300;2004-07-01;2021-01-25;588;48.1814;8.6356;Rottweil;Baden-Württemberg
4301;2005-03-01;2021-01-25;102;49.8502;7.871;Kreuznach, Bad;Rheinland-Pfalz
4303;2004-10-01;2005-10-13;395;48.6532;13.4233;Ruderting;Bayern
4308;2002-11-01;2021-01-25;403;50.0517;7.8876;Rüdesheim-Presberg;Hessen
4310;2004-07-01;2021-01-25;105;49.1609;8.3009;Rülzheim;Rheinland-Pfalz
4313;2004-08-01;2021-01-25;370;51.4966;8.4342;Rüthen;Nordrhein-Westfalen
4315;2005-09-01;2021-01-25;914;48.5615;8.2228;Baiersbronn-Ruhestein;Baden-Württemberg
4323;2005-03-01;2021-01-25;461;49.6468;7.8837;Ruppertsecken;Rheinland-Pfalz
4336;1996-06-20;2021-01-25;320;49.2128;7.1077;Saarbrücken-Ensheim;Saarland
4349;2004-06-01;2021-01-25;248;48.9569;9.071;Sachsenheim;Baden-Württemberg
4351;2006-10-09;2021-01-24;295;47.5582;7.9773;Säckingen, Bad (Bergseestr.);Baden-Württemberg
4352;2007-09-01;2021-01-25;5;54.516;13.5313;Sagard;Mecklenburg-Vorpommern
4354;2006-01-01;2021-01-25;457;48.7832;13.3146;Saldenburg-Entschenreuth;Bayern
4367;2009-09-01;2021-01-25;175;52.0781;9.552;Salzhemmendorf-Lauenstein;Niedersachsen
4368;2004-10-01;2021-01-25;93;51.7098;8.5796;Salzkotten;Nordrhein-Westfalen
4371;1995-09-01;2021-01-25;135;52.1042;8.7521;Salzuflen, Bad;Nordrhein-Westfalen
4377;2005-09-01;2021-01-25;518;50.3518;10.0034;Sandberg;Bayern
4387;2004-08-01;2021-01-25;805;49.0029;12.8237;Sankt Englmar;Bayern
4393;1999-11-30;2021-01-25;5;54.3279;8.6031;Sankt Peter-Ording;Schleswig-Holstein
4400;2004-08-01;2021-01-25;171;51.5439;8.1808;Sassendorf, Bad-Beusingsen;Nordrhein-Westfalen
4405;2006-03-01;2021-01-25;35;54.6854;9.6261;Satrup;Schleswig-Holstein
4411;2004-05-01;2021-01-25;155;49.9195;8.9671;Schaafheim-Schlierbach;Hessen
4412;2004-11-01;2021-01-25;95;52.198;11.4218;Schackensleben;Sachsen-Anhalt
4413;2004-10-01;2021-01-25;555;47.9767;11.4693;Schäftlarn-Kloster Schäftlarn;Bayern
4441;2004-05-01;2021-01-25;479;48.5025;11.4543;Scheyern;Bayern
4445;2004-09-01;2021-01-25;609;51.7658;10.6533;Wernigerode-Schierke;Sachsen-Anhalt
4464;1995-09-01;2021-01-25;501;50.5679;11.8041;Schleiz;Thüringen
4466;1995-09-01;2021-01-25;43;54.5275;9.5487;Schleswig;Schleswig-Holstein
4469;2006-08-01;2021-01-25;399;50.5071;10.762;Schleusingen;Thüringen
4480;2004-09-01;2021-01-25;230;50.3447;9.5534;Schlüchtern-Herolz;Hessen
4485;2005-02-01;2017-03-01;296;50.725;10.4539;Schmalkalden, Kurort;Thüringen
4488;2006-08-01;2021-01-25;443;51.2127;8.2672;Schmallenberg-Sellinghausen;Nordrhein-Westfalen
4490;2004-07-01;2021-01-23;223;49.4149;6.836;Schmelz-Hüttersdorf;Saarland
4493;2005-04-01;2021-01-25;417;49.4116;12.076;Schmidgaden;Bayern
4494;2005-02-01;2021-01-25;455;49.2806;11.914;Schmidmühlen;Bayern
4501;1995-09-01;2021-01-25;937;50.6546;10.7693;Schmücke;Thüringen
4508;2004-08-01;2021-01-25;649;50.2968;6.4194;Schneifelforsthaus;Rheinland-Pfalz
4546;2004-11-01;2021-01-25;684;49.5273;12.5705;Schönsee-Dietersdorf;Bayern
4548;2007-07-01;2021-01-25;608;50.1847;12.0791;Schönwald/Ofr.-Brunn;Bayern
4555;2006-10-01;2021-01-25;29;52.663;12.1812;Schollene;Sachsen-Anhalt
4559;2005-05-01;2021-01-25;398;49.1644;12.6175;Schorndorf-Knöbling;Bayern
4560;2005-02-01;2021-01-25;265;50.4925;9.1226;Schotten;Hessen
4566;2004-05-01;2013-09-01;46;52.9738;12.1115;Schrepkow;Brandenburg
4567;2004-06-01;2020-06-22;417;48.5532;11.2844;Schrobenhausen;Bayern
4592;2005-12-01;2021-01-25;356;49.3278;12.0871;Schwandorf;Bayern
4594;2005-12-01;2021-01-25;1;53.2338;8.5115;Schwanewede-Neuenkirchen;Niedersachsen
4599;2005-01-01;2021-01-25;331;49.3425;11.1077;Wendelstein-Kleinschwarzenlohe;Bayern
4600;2005-07-01;2021-01-25;12;52.9081;9.0453;Schwarme;Niedersachsen
4601;2007-08-01;2021-01-25;28;52.6797;9.6524;Essel;Niedersachsen
4602;2008-12-01;2021-01-25;26;53.9385;10.6983;Schwartau,Bad -Groß Parin;Schleswig-Holstein
4605;2004-11-01;2021-01-25;277;50.6441;11.1936;Schwarzburg;Thüringen
4617;2006-11-01;2021-01-23;1368;47.6701;11.8544;Obere Firstalm/Schlierseer Berge;Bayern
4618;2004-11-01;2021-01-25;30;52.747;11.9792;Schwarzholz;Sachsen-Anhalt
4623;2005-06-14;2020-05-01;834;48.1042;8.9976;Schwenningen, Kreis Sigmaringen;Baden-Württemberg
4625;1995-09-01;2021-01-25;59;53.6425;11.3872;Schwerin;Mecklenburg-Vorpommern
4637;2008-08-01;2021-01-25;31;52.5404;13.1243;Staaken;Brandenburg
4642;1995-09-01;2021-01-25;21;52.8911;11.7297;Seehausen;Sachsen-Anhalt
4651;2004-11-01;2021-01-25;186;51.904;10.1885;Seesen;Niedersachsen
4666;2005-06-01;2021-01-25;40;54.3444;10.4581;Köhn;Schleswig-Holstein
4683;2012-04-01;2021-01-25;46;52.516;7.6762;Fürstenau;Niedersachsen
4692;2008-03-01;2018-12-01;229;50.8534;7.9966;Siegen (Kläranlage);Nordrhein-Westfalen
4703;2002-11-01;2021-01-25;581;48.0719;9.1943;Sigmaringen-Laiz;Baden-Württemberg
4704;2005-05-01;2021-01-25;507;47.5776;9.7404;Sigmarszell-Zeisertsweiler;Bayern
4706;2005-03-01;2021-01-25;358;48.2718;13.0273;Simbach/Inn;Bayern
4709;2011-11-01;2021-01-25;445;49.9996;7.5981;Simmern-Wahlbach;Rheinland-Pfalz
4710;2007-05-01;2021-01-25;718;48.6191;8.5247;Simmersfeld;Baden-Württemberg
4712;2006-06-19;2021-01-25;428;48.0821;8.0919;Simonswald-Obersimonswald;Baden-Württemberg
4719;1995-09-01;2007-08-28;169;49.2447;8.8787;Sinsheim;Baden-Württemberg
4741;2004-12-01;2021-01-25;152;51.14;7.093;Solingen-Hohenscheid;Nordrhein-Westfalen
4745;1995-09-01;2021-01-25;75;52.9604;9.793;Soltau;Niedersachsen
4748;2004-11-01;2010-12-31;221;51.352;10.9059;Sondershausen;Thüringen
4752;1995-09-01;2008-06-30;626;50.3746;11.1828;Sonneberg-Neufang;Thüringen
4755;2004-11-01;2021-01-25;847;48.6819;13.7351;Sonnen;Bayern
4763;2004-10-01;2021-01-25;265;51.0607;9.9266;Sontra;Hessen
4790;2006-03-01;2021-01-25;98;52.2054;9.5668;Springe;Niedersachsen
4803;2009-09-01;2021-01-25;1;53.4926;8.3768;Butjadingen-Inte;Niedersachsen
4818;2004-10-01;2021-01-25;597;50.1531;11.7402;Stammbach-Querenbach;Bayern
4841;2004-07-01;2021-01-25;1;53.6946;8.8735;Steinau, Kr. Cuxhaven;Niedersachsen
4849;2005-06-01;2021-01-25;64;52.1173;7.3411;Steinfurt-Burgsteinfurt;Nordrhein-Westfalen
4850;2010-01-01;2021-01-25;779;47.7112;10.8758;Steingaden-Lauterbach;Bayern
4857;2004-09-01;2021-01-25;1;53.5534;9.6097;Mittelnkirchen-Hohenfelde;Niedersachsen
4878;2005-02-01;2021-01-25;504;51.6646;10.8811;Oberharz am Brocken-Stiege;Sachsen-Anhalt
4881;2004-11-10;2021-01-25;532;47.8591;9.0152;Stockach;Baden-Württemberg
4883;2005-10-01;2021-01-25;18;52.7659;9.4046;Frankenfeld-Hedern;Niedersachsen
4887;1995-09-01;2021-01-25;734;48.6656;9.8648;Stötten;Baden-Württemberg
4896;2005-07-01;2021-01-25;40;54.6654;9.805;Wagersrott;Schleswig-Holstein
4911;1996-10-24;2021-01-25;351;48.8275;12.5597;Straubing;Bayern
4912;2006-07-01;2021-01-25;81;52.5884;13.9289;Strausberg;Brandenburg
4920;2009-09-01;2021-01-25;3;53.4252;8.804;Beverstedt;Niedersachsen
4926;2002-11-01;2013-05-14;224;48.7896;9.2167;Stuttgart (Neckartal);Baden-Württemberg
4928;1998-06-01;2021-01-25;314;48.8281;9.2;Stuttgart (Schnarrenberg);Baden-Württemberg
4931;1995-10-04;2021-01-25;371;48.6883;9.2235;Stuttgart-Echterdingen;Baden-Württemberg
4946;2004-06-01;2021-01-25;500;48.5151;11.6545;Schweitenkirchen-Sünzhausen;Bayern
4958;2005-03-01;2021-01-25;333;50.2417;10.567;Sulzdorf an der Lederhecke;Bayern
4978;2002-11-01;2021-01-25;395;50.639;10.0228;Tann/Rhön;Hessen
4982;2004-11-01;2021-01-25;532;50.6074;12.939;Tannenberg;Sachsen
4984;2004-11-01;2021-01-25;46;53.2252;14.33;Hohenreinkendorf;Brandenburg
4997;2005-03-01;2021-01-25;196;50.9771;12.3419;Starkenberg-Tegkwitz;Thüringen
5000;2005-02-01;2021-01-25;498;47.8526;12.8282;Teisendorf;Bayern
5009;1995-09-01;2021-01-25;38;53.761;12.5574;Teterow;Mecklenburg-Vorpommern
5014;2004-07-01;2021-01-25;7;53.2758;8.9857;Worpswede-Hüttenbusch;Niedersachsen
5017;2005-11-01;2021-01-25;633;50.4002;11.3888;Teuschnitz;Bayern
5023;2002-11-01;2021-01-25;417;49.0871;11.2236;Thalmässing;Bayern
5029;1995-09-01;2021-01-25;386;49.4737;7.0385;Tholey;Saarland
5034;2006-03-01;2021-01-25;513;49.9842;11.4008;Thurnau-Tannfeld;Bayern
5046;2008-03-01;2021-01-25;501;49.8576;12.3542;Tirschenreuth-Lodermühl;Bayern
5057;2005-08-01;2021-01-25;26;54.1695;9.5559;Haale;Schleswig-Holstein
5058;2005-12-01;2021-01-25;55;53.6893;10.3657;Sprenge;Schleswig-Holstein
5059;2004-10-28;2021-01-25;781;47.7279;7.9988;Todtmoos;Baden-Württemberg
5064;2004-12-01;2021-01-25;37;51.2897;6.4437;Tönisvorst;Nordrhein-Westfalen
5084;2007-02-01;2021-01-25;290;51.1594;10.2473;Südeichsfeld-Wendehausen;Thüringen
5086;2002-11-01;2021-01-25;133;51.5776;9.4335;Trendelburg;Hessen
5097;2005-01-01;2021-01-25;10;54.0661;12.7675;Tribsees;Mecklenburg-Vorpommern
5099;2008-06-01;2021-01-25;132;49.7326;6.6131;Trier-Zewen;Rheinland-Pfalz
5100;2001-04-01;2021-01-25;265;49.7479;6.6583;Trier-Petrisberg;Rheinland-Pfalz
5103;2010-08-01;2021-01-25;348;49.3544;7.7948;Trippstadt-Neuhof;Rheinland-Pfalz
5109;2013-10-01;2021-01-25;69;53.5997;13.3039;Trollenhagen;Mecklenburg-Vorpommern
5111;2006-04-01;2021-01-25;560;48.0311;12.5396;Trostberg;Bayern
5123;2004-09-01;2021-01-25;413;48.208;12.6296;Tüßling;Bayern
5132;2005-09-01;2021-01-25;19;52.7432;7.075;Twist-Hebelermeer;Niedersachsen
5133;2004-09-01;2021-01-25;295;51.3344;8.9132;Twistetal-Mühlhausen;Hessen
5142;1995-09-01;2021-01-25;1;53.7444;14.0697;Ueckermünde;Mecklenburg-Vorpommern
5146;2004-06-01;2021-01-25;50;52.9414;10.5289;Uelzen;Niedersachsen
5148;2006-07-01;2021-01-25;60;52.4588;10.1888;Uetze;Niedersachsen
5149;2005-01-01;2021-01-25;306;49.5741;10.1915;Gollhofen;Bayern
5155;1995-09-01;2014-09-01;567;48.3837;9.9524;Ulm;Baden-Württemberg
5158;1995-09-01;2021-01-25;162;52.1601;11.1759;Ummendorf;Sachsen-Anhalt
5161;2004-09-01;2021-01-25;573;48.5599;13.7494;Untergriesbach-Glotzing;Bayern
5169;2004-12-01;2021-01-25;831;47.7674;10.4604;Kraftisried;Bayern
5206;2006-10-10;2016-11-10;396;49.1175;9.8972;Vellberg-Kleinaltdorf;Baden-Württemberg
5209;2004-09-01;2021-01-25;21;52.9586;9.2269;Verden-Dauelsen;Niedersachsen
5225;2004-05-01;2021-01-25;125;50.2135;8.7453;Vilbel, Bad-Dortelweil;Hessen
5227;2004-11-01;2021-01-25;685;47.9688;10.9156;Vilgertshofen-Pflugdorf;Bayern
5229;2004-08-01;2021-01-25;719;48.0453;8.4608;Villingen-Schwenningen;Baden-Württemberg
5230;2004-10-01;2021-01-25;462;48.4527;12.3382;Vilsbiburg;Bayern
5240;2004-07-01;2021-01-25;380;51.1598;8.874;Vöhl-Buchenberg;Hessen
5262;2004-10-01;2021-01-23;814;47.7564;11.6928;Waakirchen-Demmelberg;Bayern
5263;2004-07-01;2021-01-25;203;51.067;9.3821;Wabern-Hebel;Hessen
5275;2004-06-01;2021-01-25;105;49.2445;8.5374;Waghäusel-Kirrlach;Baden-Württemberg
5276;2005-04-01;2021-01-25;476;47.9237;12.7558;Waging am See;Bayern
5277;1995-09-11;2009-06-30;349;50.8119;9.128;Wahlen;Hessen
5279;2004-09-01;2021-01-25;176;51.6194;9.5749;Wesertal-Lippoldsberg;Hessen
5280;2007-03-01;2021-01-25;35;53.9224;10.2267;Wittenborn;Schleswig-Holstein
5285;2004-11-01;2021-01-25;501;49.618;12.4895;Waidhaus-Pfrentsch;Bayern
5294;2005-09-01;2021-01-25;280;50.5121;8.1326;Waldbrunn-Lahr;Hessen
5297;2004-10-01;2021-01-25;300;51.2428;8.9714;Waldeck-Alraft;Hessen
5300;2004-07-01;2021-01-25;380;50.2596;8.3607;Waldems-Reinborn;Hessen
5303;2004-09-01;2021-01-25;723;49.936;12.0935;Waldershof-Schafbruck;Bayern
5335;2006-08-01;2021-01-25;348;50.8963;10.5484;Waltershausen;Thüringen
5347;1995-09-01;2021-01-25;236;51.5039;9.1118;Warburg;Nordrhein-Westfalen
5349;1995-09-01;2021-01-25;73;53.5196;12.6654;Waren (Müritz);Mecklenburg-Vorpommern
5360;2007-07-01;2021-01-25;331;51.4319;8.2665;Warstein-Hirschberg;Nordrhein-Westfalen
5371;1999-03-20;2021-01-25;921;50.4973;9.9427;Wasserkuppe;Hessen
5382;2006-05-01;2021-01-25;39;52.5883;9.7386;Wedemark-Elze;Niedersachsen
5395;2006-11-01;2021-01-25;340;50.7676;11.981;Harth-Pöllnitz Neundorf;Thüringen
5397;1995-09-01;2021-01-25;440;49.6662;12.1844;Weiden;Bayern
5401;2005-01-01;2021-01-25;424;49.2717;12.7451;Weiding, Kreis Cham-Dalking;Bayern
5404;2008-11-24;2021-01-25;477;48.4024;11.6946;Weihenstephan-Dürnast;Bayern
5405;2004-07-01;2021-01-25;474;49.3376;10.606;Weihenzell-Grüb;Bayern
5416;2010-08-01;2021-01-25;183;50.4284;8.3806;Weilmünster;Hessen
5419;1996-11-02;2007-06-30;264;50.9751;11.3076;Weimar;Thüringen
5424;2007-06-01;2021-01-25;328;51.0177;11.3544;Weimar-Schöndorf;Thüringen
5426;1995-09-01;2021-01-25;553;49.3758;8.1213;Weinbiet;Rheinland-Pfalz
5433;2004-09-01;2021-01-25;380;49.5534;6.812;Weiskirchen/Saar;Saarland
5435;2006-10-10;2021-01-25;455;48.8457;8.9073;Weissach;Baden-Württemberg
5440;1995-09-01;2021-01-25;439;49.0115;10.9308;Weißenburg-Emetzheim;Bayern
5444;2004-07-01;2021-01-25;500;48.3091;10.2048;Weißenhorn-Oberreichenbach;Bayern
5453;2005-04-01;2021-01-25;174;48.188;7.6976;Weisweil-Waldeckhof;Baden-Württemberg
5468;2006-07-01;2020-10-01;418;50.9377;7.8475;Wenden-Dörnscheid;Nordrhein-Westfalen
5470;2002-11-01;2021-01-25;459;48.3631;11.5635;Fahrenzhausen;Bayern
5480;2003-09-10;2021-01-25;85;51.5763;7.8879;Werl;Nordrhein-Westfalen
5484;2004-05-01;2021-01-25;240;51.5835;10.709;Ellrich-Werna;Thüringen
5490;1995-09-01;2021-01-25;233;51.8454;10.7686;Wernigerode;Sachsen-Anhalt
5511;2005-10-01;2021-01-25;825;48.5206;9.6187;Westerheim;Baden-Württemberg
5513;2005-09-01;2021-01-25;92;52.2902;7.8687;Westerkappeln;Nordrhein-Westfalen
5516;1996-06-25;2021-01-25;3;54.5283;11.0606;Fehmarn;Schleswig-Holstein
5518;2005-10-01;2021-01-25;7;53.2504;7.935;Westerstede;Niedersachsen
5524;2006-10-01;2021-01-25;227;50.9087;8.6929;Wetter/Hessen-Amönau;Hessen
5538;2005-01-01;2021-01-25;551;47.8827;11.1576;Wielenbach (Demollstr.);Bayern
5541;2004-08-01;2021-01-25;263;50.132;8.317;Wiesbaden-Auringen;Hessen
5542;2004-07-01;2021-01-25;90;50.0421;8.2331;Wiesbaden-Biebrich;Hessen
5546;1995-09-01;2021-01-25;187;52.1207;12.4585;Wiesenburg;Brandenburg
5548;2004-07-01;2021-01-25;680;49.032;12.5505;Wiesenfelden-Utzenzell;Bayern
5555;2004-11-01;2021-01-25;43;52.2534;13.2361;Thyrow;Brandenburg
5559;2007-12-01;2021-01-25;383;48.7848;8.5764;Wildbad, Bad-Calmbach;Baden-Württemberg
5562;2004-06-01;2021-01-25;570;48.6516;8.6801;Neubulach-Oberhaugstett;Baden-Württemberg
5614;2004-09-01;2019-03-26;35;52.7582;11.2549;Winterfeld-Sallenthin;Sachsen-Anhalt
5616;2004-08-01;2019-07-27;426;50.2282;6.2071;Winterspelt;Rheinland-Pfalz
5619;2004-12-01;2021-01-25;360;51.1637;7.4234;Wipperfürth-Gardeweg;Nordrhein-Westfalen
5629;1995-09-01;2021-01-25;105;51.8892;12.6445;Wittenberg;Sachsen-Anhalt
5635;2004-10-01;2021-01-25;147;49.9617;6.9287;Wittlich;Rheinland-Pfalz
5643;2004-11-01;2021-01-25;66;53.1864;12.4949;Wittstock-Rote Mühle;Brandenburg
5646;2004-05-01;2020-09-30;220;51.3645;9.749;Witzenhausen-Ziegenhagen;Hessen
5663;1995-09-01;1995-12-31;118;53.4618;13.6099;Woldegk;Mecklenburg-Vorpommern
5664;2004-07-01;2021-01-25;296;48.2953;8.2391;Wolfach;Baden-Württemberg
5676;2010-09-01;2021-01-25;82;52.3962;10.6892;Wolfsburg (Südwest);Niedersachsen
5684;2017-11-01;2021-01-25;40;52.2813;12.458;Wollin;Brandenburg
5692;2004-09-01;2021-01-25;88;49.6051;8.3659;Worms;Rheinland-Pfalz
5699;2004-11-01;2021-01-25;312;51.5427;8.7784;Wünnenberg-Eilern;Nordrhein-Westfalen
5705;1995-09-01;2021-01-25;268;49.7704;9.9576;Würzburg;Bayern
5711;2007-07-01;2021-01-25;392;49.1296;9.4945;Wüstenrot-Oberheimbach;Baden-Württemberg
5717;2006-09-01;2021-01-25;134;51.2256;7.1052;Wuppertal-Buchenhofen;Nordrhein-Westfalen
5719;2004-10-01;2009-12-10;235;51.2051;7.2;Remscheid;Nordrhein-Westfalen
5721;2004-11-01;2021-01-25;474;48.3569;12.7679;Wurmannsquick-Egelsberg;Bayern
5724;2007-01-01;2021-01-25;690;47.9589;10.0139;Rot an der Rot-Buch;Baden-Württemberg
5729;2005-08-01;2021-01-25;6;52.7605;14.2173;Wustrow;Brandenburg
5731;2004-08-01;2021-01-25;398;47.6783;8.3801;Wutöschingen-Ofteringen;Baden-Württemberg
5732;2005-07-01;2021-01-25;8;54.6928;8.5271;Wrixum/Föhr;Schleswig-Holstein
5733;2005-05-01;2021-01-25;20;51.697;6.3974;Xanten;Nordrhein-Westfalen
5745;2004-06-01;2021-01-25;51;52.9664;13.3268;Zehdenick;Brandenburg
5750;2006-03-01;2021-01-25;264;51.0314;12.1495;Zeitz;Sachsen-Anhalt
5758;2004-10-01;2020-09-30;293;49.8709;6.7074;Zemmer (Forsthaus Mülchen);Rheinland-Pfalz
5762;2009-03-01;2021-01-25;83;53.0704;10.8831;Zernien;Niedersachsen
5763;2005-02-01;2021-01-25;140;51.238;11.8296;Freyburg/Unstrut-Zeuchfeld;Sachsen-Anhalt
5767;2006-01-01;2021-01-25;27;53.2989;9.3352;Heeslingen-Wiersdorf;Niedersachsen
5779;1995-09-01;2021-01-25;877;50.7314;13.7516;Zinnwald-Georgenfeld;Sachsen
5797;2005-12-01;2021-01-25;349;50.6879;12.4329;Lichtentanne;Sachsen
5800;1995-09-01;2021-01-25;615;49.028;13.2385;Zwiesel;Bayern
5814;2006-09-01;2021-01-25;321;51.5504;11.403;Mansfeld-Annarode;Sachsen-Anhalt
5822;2004-07-01;2021-01-25;40;52.863;8.6988;Bassum;Niedersachsen
5825;2004-05-01;2021-01-25;40;52.6198;12.7867;Berge;Brandenburg
5839;1997-07-01;2021-01-25;0;53.3881;7.2287;Emden;Niedersachsen
5854;2005-09-01;2021-01-25;24;53.6557;13.5369;Friedland;Mecklenburg-Vorpommern
5856;1997-01-07;2021-01-25;476;48.5451;13.3532;Fürstenzell;Bayern
5871;1998-10-28;2021-01-25;497;49.9462;7.2645;Hahn;Rheinland-Pfalz
5906;1995-09-01;2021-01-25;98;49.5062;8.5585;Mannheim;Baden-Württemberg
5930;1995-09-01;2021-01-25;1;54.641;10.0238;Schönhagen (Ostseebad);Schleswig-Holstein
5941;2007-03-01;2021-01-25;686;47.6754;12.4698;Reit im Winkl;Bayern
5943;2007-01-01;2021-01-25;460;50.8377;14.0719;Rosenthal-Bielatal;Sachsen
6093;2004-05-01;2021-01-25;62;53.2139;10.4704;Wendisch Evern;Niedersachsen
6100;2004-09-01;2021-01-25;120;49.8626;8.2311;Hahnheim;Rheinland-Pfalz
6105;2004-05-01;2021-01-25;14;54.3194;9.8051;Ostenfeld (Rendsburg);Schleswig-Holstein
6109;2004-09-01;2021-01-25;50;53.3837;14.3728;Grambow-Schwennenz;Mecklenburg-Vorpommern
6129;2004-11-01;2021-01-25;291;51.0593;14.4266;Sohland/Spree;Sachsen
6157;2007-10-01;2021-01-25;8;53.641;8.0808;Wangerland-Hooksiel;Niedersachsen
6158;2004-11-01;2021-01-25;455;49.2247;10.6084;Weidenbach-Weiherschneidbach;Bayern
6159;2008-12-01;2021-01-25;8;52.9542;7.3196;Dörpen;Niedersachsen
6161;2004-10-01;2021-01-25;311;48.7577;13.0134;Osterhofen-Thundorf;Bayern
6163;1999-10-19;2021-01-25;27;54.1654;10.3519;Dörnick;Schleswig-Holstein
6169;2004-12-01;2009-11-13;761;47.761;10.8601;Steingaden-Riesen;Bayern
6170;2004-06-01;2021-01-25;40;52.0192;14.7254;Coschen;Brandenburg
6182;2004-06-01;2012-03-27;404;48.7757;12.1743;Mallersdorf-Pfaffenberg;Bayern
6186;2004-08-01;2019-05-27;268;50.1989;7.8651;Nastätten;Rheinland-Pfalz
6190;2005-03-01;2021-01-25;600;47.6392;13.0068;Berchtesgaden;Bayern
6191;2005-01-01;2021-01-25;684;48.9023;13.1442;Kirchberg/Niederbayern -Zell;Bayern
6195;2004-10-01;2021-01-25;305;49.956;11.0189;Scheßlitz-Köttensdorf;Bayern
6197;2000-10-13;2021-01-25;258;51.8664;9.271;Lügde-Paenbruch;Nordrhein-Westfalen
6199;2004-10-01;2021-01-25;16;54.2484;13.0418;Steinhagen-Negast;Mecklenburg-Vorpommern
6200;2004-10-01;2021-01-25;262;50.0785;10.4887;Königsberg/Bayern-Holzhausen;Bayern
6201;2004-12-01;2021-01-25;339;49.5334;10.1546;Simmershofen-Adelhofen;Bayern
6203;2005-03-01;2021-01-25;1088;47.6279;12.9015;Ramsau-Schwarzeck/Schmuck;Bayern
6215;2005-02-01;2021-01-25;689;49.2154;13.0662;Lam-Lambach;Bayern
6216;2005-04-01;2021-01-25;464;49.5321;12.2798;Trausnitz-Reisach;Bayern
6217;2004-10-01;2021-01-25;190;49.2406;6.9351;Saarbrücken-Burbach;Saarland
6257;2006-07-01;2021-01-25;723;47.6279;11.5166;Jachenau-Tannern;Bayern
6258;2003-01-05;2021-01-25;461;47.6845;9.4409;Friedrichshafen-Unterraderach;Baden-Württemberg
6259;2004-06-01;2021-01-25;524;49.021;9.6033;Großerlach-Mannenweiler;Baden-Württemberg
6260;2002-12-01;2021-01-25;385;49.3328;9.704;Ingelfingen-Stachenhausen;Baden-Württemberg
6262;2002-11-01;2021-01-25;413;48.7695;9.8737;Schwäbisch Gmünd-Weiler;Baden-Württemberg
6263;2004-07-01;2021-01-25;445;47.7738;8.8219;Singen;Baden-Württemberg
6264;2004-06-01;2021-01-25;457;51.414;8.65;Brilon-Thülen;Nordrhein-Westfalen
6265;2004-05-01;2021-01-25;36;52.3613;12.3867;Wusterwitz;Brandenburg
6266;2004-09-01;2021-01-25;112;52.0304;10.9626;Huy-Pabstorf;Sachsen-Anhalt
6268;2002-11-01;2021-01-25;173;50.7577;11.5178;Uhlstädt-Kirchhasel-Niederkrossen;Thüringen
6269;2007-04-01;2021-01-25;731;50.3594;12.4836;Klingenthal-Kamerun;Sachsen
6270;2004-09-01;2021-01-24;330;50.4099;10.4901;Römhild-Sülzdorf;Thüringen
6271;2004-06-01;2021-01-25;272;50.9771;12.0044;Crossen/Elster-Nickelsdorf;Thüringen
6272;2004-10-01;2021-01-25;283;50.8426;10.2518;Moorgrund Gräfen-Nitzendorf;Thüringen
6273;2004-06-01;2021-01-25;36;52.5075;11.8551;Demker;Sachsen-Anhalt
6275;2004-07-01;2021-01-25;325;48.6705;9.4627;Notzingen;Baden-Württemberg
6276;2004-11-01;2019-11-02;235;51.4895;7.7813;Fröndenberg-Hohenheide;Nordrhein-Westfalen
6303;2003-03-08;2021-01-25;584;51.2915;8.5982;Willingen/Hochsauerland;Hessen
6305;2004-12-01;2021-01-25;193;51.2061;10.4978;Mühlhausen/Thüringen-Görmar;Thüringen
6310;2004-08-01;2021-01-25;1;54.1049;13.8239;Karlshagen;Mecklenburg-Vorpommern
6312;2004-11-01;2020-10-01;362;49.5314;10.6418;Markt Erlbach-Mosbach;Bayern
6313;2004-12-01;2021-01-25;440;51.2488;7.4672;Breckerfeld-Wengeberg;Nordrhein-Westfalen
6314;2005-08-01;2021-01-25;306;51.0507;13.3003;Nossen;Sachsen
6336;2005-11-01;2021-01-25;288;50.0132;9.654;Lohr/Main-Halsbach;Bayern
6337;2004-08-01;2021-01-25;59;51.7663;7.5194;Lüdinghausen-Brochtrup;Nordrhein-Westfalen
6338;2005-03-01;2021-01-25;605;50.3618;11.6223;Steben, Bad;Bayern
6344;2004-12-01;2021-01-25;168;50.394;8.1423;Runkel-Ennerich;Hessen
6346;2005-02-01;2021-01-25;531;48.207;11.2035;Maisach-Galgen;Bayern
6347;2005-03-01;2021-01-25;304;50.0579;10.2972;Schonungen-Mainberg;Bayern
7075;2005-02-01;2021-01-25;429;48.702;11.8493;Elsendorf-Horneck;Bayern
7077;2004-11-01;2021-01-25;54;53.5255;13.0161;Groß Lukow;Mecklenburg-Vorpommern
7078;2004-11-01;2021-01-25;34;53.5035;11.0014;Dodow;Mecklenburg-Vorpommern
7079;2004-12-01;2021-01-25;14;53.0443;14.2423;Berkholz-Meyenburg;Brandenburg
7099;2004-11-01;2021-01-25;187;52.0111;10.3966;Liebenburg-Othfresen;Niedersachsen
7104;2005-01-01;2021-01-25;225;49.6208;9.6033;Königheim;Baden-Württemberg
7105;2005-06-01;2021-01-25;719;47.835;12.6548;Siegsdorf-Höll;Bayern
7106;2006-09-01;2021-01-25;105;52.0714;8.4565;Bielefeld-Deppendorf;Nordrhein-Westfalen
7135;2005-01-01;2016-05-16;565;47.9655;9.6804;Aulendorf-Haslach;Baden-Württemberg
7138;2005-01-01;2021-01-25;682;48.2962;9.0701;Burladingen-Hausen;Baden-Württemberg
7187;2004-12-01;2021-01-25;193;49.7636;9.4063;Freudenberg/Main-Boxtal;Baden-Württemberg
7244;1995-09-01;2004-09-30;62;53.1424;13.0319;Neuglobsow (HM);Brandenburg
7285;2005-08-01;2021-01-25;68;52.4153;11.0758;Bösdorf;Sachsen-Anhalt
7298;2005-07-01;2021-01-25;5;54.5268;9.0425;Hattstedt;Schleswig-Holstein
7319;2005-03-01;2021-01-25;435;48.7374;10.7393;Donauwörth-Osterweiler;Bayern
7321;2005-09-01;2021-01-25;160;51.1507;11.3321;Olbersleben;Thüringen
7322;2005-09-01;2021-01-25;700;47.766;7.7215;Malsburg-Marzell;Baden-Württemberg
7323;2006-01-01;2021-01-25;150;51.2359;12.5517;Belgershain;Sachsen
7326;2006-01-01;2021-01-25;134;51.1918;12.7645;Grimma-Kleinbothen;Sachsen
7327;2007-05-01;2021-01-25;323;50.8836;13.0425;Frankenberg-Altenhain;Sachsen
7328;2006-01-01;2021-01-25;219;50.8543;12.4216;Ponitz;Thüringen
7329;2005-11-01;2021-01-25;465;50.5467;12.2863;Treuen;Sachsen
7330;2005-10-01;2021-01-25;159;51.4633;7.978;Arnsberg-Neheim;Nordrhein-Westfalen
7331;2005-09-01;2021-01-25;467;48.6099;10.2674;Hermaringen-Allewind;Baden-Württemberg
7333;2006-07-01;2021-01-25;727;50.5803;13.2966;Marienberg-Rübenau;Sachsen
7334;2006-03-01;2021-01-25;131;51.2651;13.3588;Heyda bei Riesa;Sachsen
7335;2006-02-01;2021-01-25;138;51.3658;13.5801;Strauch;Sachsen
7337;2007-04-01;2021-01-25;332;51.0577;14.6128;Dürrhennersdorf;Sachsen
7341;2005-07-18;2021-01-25;119;50.09;8.7862;Offenbach-Wetterpark;Hessen
7343;2006-04-01;2021-01-25;689;50.62;13.4817;Deutschneudorf-Brüderwiese;Sachsen
7344;2006-06-01;2021-01-25;45;51.2992;6.2013;Nettetal-Hülst;Nordrhein-Westfalen
7350;2006-08-01;2021-01-25;585;49.1088;12.8231;Prackenbach-Neuhäusl;Bayern
7351;2005-09-08;2021-01-25;116;53.3175;13.4175;Feldberg/Mecklenburg;Mecklenburg-Vorpommern
7361;2006-07-01;2021-01-25;72;52.7363;10.344;Scharnhorst-Marwede;Niedersachsen
7364;2007-01-01;2021-01-25;74;51.6818;12.3053;Jeßnitz;Sachsen-Anhalt
7367;2007-12-01;2021-01-25;144;51.9643;9.8072;Alfeld;Niedersachsen
7368;2007-11-01;2021-01-25;312;51.0007;10.3621;Eisenach;Thüringen
7369;2007-11-01;2021-01-25;475;49.1623;10.3661;Feuchtwangen-Heilbronn;Bayern
7370;2006-12-11;2021-01-25;499;49.391;12.6838;Waldmünchen;Bayern
7372;2006-10-01;2021-01-25;37;52.7321;11.7123;Ballerstedt;Sachsen-Anhalt
7373;2006-03-01;2021-01-25;3;53.5984;6.7024;Borkum-Flugplatz;Niedersachsen
7374;2006-03-01;2021-01-25;46;52.0813;6.9409;Ahaus;Nordrhein-Westfalen
7375;2009-09-24;2021-01-25;411;49.645;7.5003;Homberg-Schönbornerhof;Rheinland-Pfalz
7378;2006-07-01;2021-01-25;101;51.0149;6.5173;Bedburg-Weiler Hohenholz;Nordrhein-Westfalen
7382;2006-12-01;2021-01-25;666;47.7096;9.866;Wangen/Allgäu-Schwaderberg;Baden-Württemberg
7389;2006-12-01;2021-01-25;82;52.7461;13.8427;Heckelberg;Brandenburg
7393;2010-01-01;2021-01-25;116;51.4493;14.2533;Hoyerswerda;Sachsen
7394;2006-06-01;2021-01-25;622;50.0315;11.9745;Wunsiedel-Schönbrunn;Bayern
7395;2007-12-01;2021-01-25;351;48.6595;12.5388;Gottfrieding;Bayern
7396;2008-05-01;2021-01-25;743;50.5084;9.2247;Hoherodskopf/Vogelsberg;Hessen
7403;2007-03-30;2021-01-25;672;47.7955;10.0324;Leutkirch-Herlazhofen;Baden-Württemberg
7410;2011-02-01;2021-01-25;350;50.7513;9.0224;Neu-Ulrichstein;Hessen
7412;2006-10-01;2021-01-25;340;50.0083;9.4238;Neuhütten/Spessart;Bayern
7418;2008-06-01;2021-01-25;321;50.802;12.6366;Sankt Egidien-Kuhschnappel;Sachsen
7419;2006-12-01;2021-01-25;389;50.661;12.0756;Langenwetzendorf-Göttendorf;Thüringen
7420;2007-04-01;2021-01-25;246;51.1044;11.7112;Naumburg/Saale-Kreipitzsch;Sachsen-Anhalt
7421;2006-12-01;2021-01-25;383;50.325;11.2395;Föritztal-Neuhaus-Schierschnitz;Thüringen
7423;2007-04-01;2021-01-25;163;51.3443;14.8387;Hähnichen-Trebus;Sachsen
7424;2006-12-01;2021-01-25;457;47.7724;12.9073;Piding;Bayern
7425;2006-08-01;2021-01-25;212;52.1384;9.1119;Rinteln-Volksen;Niedersachsen
7427;2007-09-01;2021-01-25;17;54.0188;9.9255;Padenstedt (Pony-Park);Schleswig-Holstein
7428;2007-05-01;2021-01-25;397;50.4167;10.8156;Veilsdorf;Thüringen
7429;2006-12-01;2021-01-25;334;49.425;9.3314;Seckach;Baden-Württemberg
7430;2007-11-01;2021-01-25;258;50.0615;10.8129;Rentweinsdorf-Treinfeld;Bayern
7431;2007-11-01;2021-01-25;604;48.013;11.5524;Oberhaching-Laufzorn;Bayern
7432;2007-05-01;2021-01-25;72;52.6423;10.6627;Wittingen-Vorhop;Niedersachsen
7499;2007-07-01;2021-01-25;172;50.7893;7.828;Wallmenroth;Rheinland-Pfalz
7500;2007-01-01;2021-01-25;82;52.0223;12.1597;Badewitz bei Zerbst;Sachsen-Anhalt
13654;2007-08-01;2021-01-25;285;51.0063;13.471;Wilsdruff-Mohorn;Sachsen
13662;2007-05-08;2016-01-28;37;52.3031;12.4029;Boecke;Brandenburg
13669;2007-09-01;2021-01-25;55;52.0087;7.8519;Ostbevern-Schirlheide;Nordrhein-Westfalen
13670;2007-06-01;2021-01-25;24;51.5088;6.7018;Duisburg-Baerl;Nordrhein-Westfalen
13671;2007-12-01;2021-01-25;221;50.9655;7.2753;Overath-Böke;Nordrhein-Westfalen
13672;2008-05-01;2015-01-01;593;48.5537;9.9877;Weidenstetten;Baden-Württemberg
13674;2007-08-01;2021-01-25;237;49.2943;8.9053;Waibstadt;Baden-Württemberg
13675;2007-11-01;2021-01-25;77;52.0818;9.4077;Hameln-Hastenbeck;Niedersachsen
13687;2007-11-01;2021-01-25;18;53.9005;9.8308;Weddelbrook;Schleswig-Holstein
13688;2008-03-01;2021-01-25;128;51.1693;12.2618;Pegau;Sachsen
13696;2007-12-01;2021-01-25;60;51.5966;7.4048;Waltrop-Abdinghof;Nordrhein-Westfalen
13698;2008-01-01;2021-01-25;504;48.8767;10.2413;Lauchheim (Berghof);Baden-Württemberg
13699;2008-03-01;2021-01-25;66;52.3667;10.1266;Lehrte-Sievershausen;Niedersachsen
13700;2008-05-01;2021-01-25;205;51.3329;7.3411;Gevelsberg-Oberbröking;Nordrhein-Westfalen
13710;2008-04-01;2021-01-25;490;48.5734;12.2576;Landshut-Reithof;Bayern
13711;2007-12-01;2021-01-25;289;50.682;11.515;Krölpa-Rockendorf;Thüringen
13712;2008-09-01;2021-01-25;44;52.1488;13.8359;Münchehofe;Brandenburg
13713;2007-11-01;2021-01-25;386;51.0899;7.6289;Meinerzhagen-Redlendorf;Nordrhein-Westfalen
13715;2008-03-01;2021-01-25;604;48.1003;9.8058;Biberach an der Riß-Bergerhausen;Baden-Württemberg
13716;2008-09-01;2021-01-25;818;47.819;8.5774;Blumberg-Randen;Baden-Württemberg
13774;2008-06-01;2021-01-25;328;50.8138;12.2985;Crimmitschau-Mannichswalde;Sachsen
13776;2008-03-01;2011-01-04;85;52.1789;9.9524;Hildesheim-Drispenstedt;Niedersachsen
13777;2008-06-01;2021-01-25;110;52.2467;10.9592;Helmstedt-Emmerstedt;Niedersachsen
13965;2008-12-01;2021-01-25;619;48.2639;8.8134;Balingen-Bronnhaupten;Baden-Württemberg
14157;2009-12-01;2021-01-25;168;49.5686;8.7013;Birkenau;Hessen
15000;2011-04-01;2021-01-25;231;50.7983;6.0244;Aachen-Orsbach;Nordrhein-Westfalen
15003;2011-05-01;2021-01-25;20;53.8754;13.2101;Schmarsow;Mecklenburg-Vorpommern
15207;2013-11-01;2021-01-25;317;51.2835;9.359;Schauenburg-Elgershausen;Hessen
15444;2014-09-01;2021-01-25;593;48.4418;9.9216;Ulm-Mähringen;Baden-Württemberg
15478;2015-02-01;2021-01-25;515;48.2095;10.0654;Dietenheim;Baden-Württemberg
15490;2016-12-01;2021-01-25;298;50.8053;8.3382;Eschenburg-Eibelshausen;Hessen
15512;2016-09-01;2021-01-25;66;53.0859;10.1611;Rehlingen-Ehlbeck;Niedersachsen
15514;2017-11-01;2021-01-25;104;49.3766;8.6177;Heidelberg-Kurpfalzhof;Baden-Württemberg
15555;2016-05-01;2021-01-25;815;47.8761;10.5849;Kaufbeuren-Oberbeuren;Bayern
